Workbook
Name Slicer_Priority: #N/A
Name Slicer_SLA_Result: #N/A
Name Slicer_Status: #N/A
Name Slicer_SubCategory: #N/A
Name Slicer_TicketType: #N/A
Name Timeline_BookingDate: #N/A

Sheet README
A1: Purpose | B1: Portfolio-ready synthetic ITSM dataset for Excel Incident Analysis.
A2: Volume | B2: 3,000 rows: 1,000 INM + 1,000 PRM + 1,000 SRM.
A3: Date Range | B3: 2024-01-01 to 2025-12-31.
A4: Statuses | B4: Assigned, Noticed, In Process, Answered, Closed.
A5: SLA Logic | B5: Assigned/Noticed/In Process = Pending; Answered/Closed = Met or Breached based on resolution time.
A6: Recommended Analysis | B6: Ticket volume, SLA compliance, priority, backlog, resolution time, team workload, category and monthly trends.

Sheet All_Tickets
A1: TicketID | B1: TicketType | C1: BookingDate | D1: Priority | E1: Category | F1: SubCategory | G1: ShortDescription | H1: Status | I1: AssignedTeam | J1: Assignee | K1: SLATargetHours | L1: FirstResponseHours | M1: ResolutionHours | N1: ResolutionDate | O1: ResolutionSLA | P1: AgingHours | Q1: CustomerImpact | R1: Region | S1: Channel | T1: RootCause | U1: Reopened | V1: Escalated | W1: SLA Result | X1: Year | Y1: Month | Z1: Month-Year | AA1: Resolution Bucket | AB1: SLA Variance
A2: SRM-0425 | B2: SRM | C2: 45292.101 | D2: P4 | E2: Access Request | F2: Security | G2: SRM ticket requiring operational handling | H2: In Process | I2: Service Desk | J2: Suresh | K2: 48 | L2: 2.24 | O2: Pending | P2: 17517.57 | Q2: High | R2: US | S2: Service Desk | T2: Certificate Expiry | U2: No | V2: No | W2: Pending | X2: =YEAR(Table1[[#This Row],[BookingDate]]) -> 2024 | Y2: =TEXT(Table1[[#This Row],[BookingDate]],"mmm") -> Jan | Z2: =TEXT(Table1[[#This Row],[BookingDate]],"mmm-yyy") -> Jan-2024 | AA2: =IF(Table1[[#This Row],[ResolutionHours]]="","Pending",IF(Table1[[#This Row],[ResolutionHours]]<=4,"0-4 Hours",IF(Table1[[#This Row],[ResolutionHours]]<=8,"5-8 Hours",IF(Table1[[#This Row],[ResolutionHours]]<=24,"9-24 Hours",IF(Table1[[#This Row],[ResolutionHours]]<=48,"25-48 Hours","48+ Hours"))))) -> Pending | AB2: =IF(Table1[[#This Row],[ResolutionHours]]="","",Table1[[#This Row],[ResolutionHours]]-Table1[[#This Row],[SLATargetHours]])
A3: SRM-0365 | B3: SRM | C3: 45292.317 | D3: P5 | E3: Configuration Change | F3: Middleware | G3: SRM ticket requiring operational handling | H3: Closed | I3: Service Desk | J3: Priya | K3: 72 | L3: 16.8 | M3: 68.84 | N3: 45295.185 | O3: Met | P3: 68.84 | Q3: Medium | R3: APAC | S3: Service Desk | T3: Network Issue | U3: No | V3: No | W3: Met | X3: =YEAR(Table1[[#This Row],[BookingDate]]) -> 2024 | Y3: =TEXT(Table1[[#This Row],[BookingDate]],"mmm") -> Jan | Z3: =TEXT(Table1[[#This Row],[BookingDate]],"mmm-yyy") -> Jan-2024 | AA3: =IF(Table1[[#This Row],[ResolutionHours]]="","Pending",IF(Table1[[#This Row],[ResolutionHours]]<=4,"0-4 Hours",IF(Table1[[#This Row],[ResolutionHours]]<=8,"5-8 Hours",IF(Table1[[#This Row],[ResolutionHours]]<=24,"9-24 Hours",IF(Table1[[#This Row],[ResolutionHours]]<=48,"25-48 Hours","48+ Hours"))))) -> 48+ Hours | AB3: =IF(Table1[[#This Row],[ResolutionHours]]="","",Table1[[#This Row],[ResolutionHours]]-Table1[[#This Row],[SLATargetHours]]) -> -3.16
A4: SRM-0496 | B4: SRM | C4: 45292.35 | D4: P3 | E4: Access Request | F4: Middleware | G4: SRM ticket requiring operational handling | H4: In Process | I4: Service Desk | J4: Vikram | K4: 24 | L4: 2.36 | O4: Pending | P4: 17511.6 | Q4: Low | R4: APAC | S4: Monitoring Alert | T4: Unknown | U4: No | V4: No | W4: Pending | X4: =YEAR(Table1[[#This Row],[BookingDate]]) -> 2024 | Y4: =TEXT(Table1[[#This Row],[BookingDate]],"mmm") -> Jan | Z4: =TEXT(Table1[[#This Row],[BookingDate]],"mmm-yyy") -> Jan-2024 | AA4: =IF(Table1[[#This Row],[ResolutionHours]]="","Pending",IF(Table1[[#This Row],[ResolutionHours]]<=4,"0-4 Hours",IF(Table1[[#This Row],[ResolutionHours]]<=8,"5-8 Hours",IF(Table1[[#This Row],[ResolutionHours]]<=24,"9-24 Hours",IF(Table1[[#This Row],[ResolutionHours]]<=48,"25-48 Hours","48+ Hours"))))) -> Pending | AB4: =IF(Table1[[#This Row],[ResolutionHours]]="","",Table1[[#This Row],[ResolutionHours]]-Table1[[#This Row],[SLATargetHours]])
A5: SRM-0400 | B5: SRM | C5: 45292.716 | D5: P3 | E5: Data Request | F5: Access | G5: SRM ticket requiring operational handling | H5: Noticed | I5: Middleware Team | J5: Sneha | K5: 24 | L5: 0.47 | O5: Pending | P5: 17502.81 | Q5: Low | R5: APAC | S5: Portal | T5: Access Issue | U5: No | V5: Yes | W5: Pending | X5: =YEAR(Table1[[#This Row],[BookingDate]]) -> 2024 | Y5: =TEXT(Table1[[#This Row],[BookingDate]],"mmm") -> Jan | Z5: =TEXT(Table1[[#This Row],[BookingDate]],"mmm-yyy") -> Jan-2024 | AA5: =IF(Table1[[#This Row],[ResolutionHours]]="","Pending",IF(Table1[[#This Row],[ResolutionHours]]<=4,"0-4 Hours",IF(Table1[[#This Row],[ResolutionHours]]<=8,"5-8 Hours",IF(Table1[[#This Row],[ResolutionHours]]<=24,"9-24 Hours",IF(Table1[[#This Row],[ResolutionHours]]<=48,"25-48 Hours","48+ Hours"))))) -> Pending | AB5: =IF(Table1[[#This Row],[ResolutionHours]]="","",Table1[[#This Row],[ResolutionHours]]-Table1[[#This Row],[SLATargetHours]])
A6: PRM-0763 | B6: PRM | C6: 45293.085 | D6: P4 | E6: Recurring Application Issue | F6: Access | G6: PRM ticket requiring operational handling | H6: In Process | I6: Database Team | J6: Meera | K6: 48 | L6: 0.54 | O6: Pending | P6: 17493.96 | Q6: High | R6: India | S6: Service Desk | T6: Certificate Expiry | U6: No | V6: No | W6: Pending | X6: =YEAR(Table1[[#This Row],[BookingDate]]) -> 2024 | Y6: =TEXT(Table1[[#This Row],[BookingDate]],"mmm") -> Jan | Z6: =TEXT(Table1[[#This Row],[BookingDate]],"mmm-yyy") -> Jan-2024 | AA6: =IF(Table1[[#This Row],[ResolutionHours]]="","Pending",IF(Table1[[#This Row],[ResolutionHours]]<=4,"0-4 Hours",IF(Table1[[#This Row],[ResolutionHours]]<=8,"5-8 Hours",IF(Table1[[#This Row],[ResolutionHours]]<=24,"9-24 Hours",IF(Table1[[#This Row],[ResolutionHours]]<=48,"25-48 Hours","48+ Hours"))))) -> Pending | AB6: =IF(Table1[[#This Row],[ResolutionHours]]="","",Table1[[#This Row],[ResolutionHours]]-Table1[[#This Row],[SLATargetHours]])
A7: PRM-0241 | B7: PRM | C7: 45293.465 | D7: P3 | E7: Process Gap | F7: Middleware | G7: PRM ticket requiring operational handling | H7: In Process | I7: App Support | J7: Anil | K7: 24 | L7: 3.22 | O7: Pending | P7: 17484.84 | Q7: Low | R7: India | S7: Service Desk | T7: Certificate Expiry | U7: No | V7: No | W7: Pending | X7: =YEAR(Table1[[#This Row],[BookingDate]]) -> 2024 | Y7: =TEXT(Table1[[#This Row],[BookingDate]],"mmm") -> Jan | Z7: =TEXT(Table1[[#This Row],[BookingDate]],"mmm-yyy") -> Jan-2024 | AA7: =IF(Table1[[#This Row],[ResolutionHours]]="","Pending",IF(Table1[[#This Row],[ResolutionHours]]<=4,"0-4 Hours",IF(Table1[[#This Row],[ResolutionHours]]<=8,"5-8 Hours",IF(Table1[[#This Row],[ResolutionHours]]<=24,"9-24 Hours",IF(Table1[[#This Row],[ResolutionHours]]<=48,"25-48 Hours","48+ Hours"))))) -> Pending | AB7: =IF(Table1[[#This Row],[ResolutionHours]]="","",Table1[[#This Row],[ResolutionHours]]-Table1[[#This Row],[SLATargetHours]])
A8: SRM-0428 | B8: SRM | C8: 45293.537 | D8: P5 | E8: New User Setup | F8: Security | G8: SRM ticket requiring operational handling | H8: Noticed | I8: Service Desk | J8: Suresh | K8: 72 | L8: 12.63 | O8: Pending | P8: 17483.12 | Q8: Medium | R8: UK | S8: Portal | T8: Unknown | U8: No | V8: No | W8: Pending | X8: =YEAR(Table1[[#This Row],[BookingDate]]) -> 2024 | Y8: =TEXT(Table1[[#This Row],[BookingDate]],"mmm") -> Jan | Z8: =TEXT(Table1[[#This Row],[BookingDate]],"mmm-yyy") -> Jan-2024 | AA8: =IF(Table1[[#This Row],[ResolutionHours]]="","Pending",IF(Table1[[#This Row],[ResolutionHours]]<=4,"0-4 Hours",IF(Table1[[#This Row],[ResolutionHours]]<=8,"5-8 Hours",IF(Table1[[#This Row],[ResolutionHours]]<=24,"9-24 Hours",IF(Table1[[#This Row],[ResolutionHours]]<=48,"25-48 Hours","48+ Hours"))))) -> Pending | AB8: =IF(Table1[[#This Row],[ResolutionHours]]="","",Table1[[#This Row],[ResolutionHours]]-Table1[[#This Row],[SLATargetHours]])
A9: PRM-0518 | B9: PRM | C9: 45293.922 | D9: P5 | E9: Integration Root Cause | F9: Security | G9: PRM ticket requiring operational handling | H9: Noticed | I9: App Support | J9: Neha | K9: 72 | L9: 5.36 | O9: Pending | P9: 17473.87 | Q9: Low | R9: US | S9: Service Desk | T9: Infrastructure Failure | U9: No | V9: No | W9: Pending | X9: =YEAR(Table1[[#This Row],[BookingDate]]) -> 2024 | Y9: =TEXT(Table1[[#This Row],[BookingDate]],"mmm") -> Jan | Z9: =TEXT(Table1[[#This Row],[BookingDate]],"mmm-yyy") -> Jan-2024 | AA9: =IF(Table1[[#This Row],[ResolutionHours]]="","Pending",IF(Table1[[#This Row],[ResolutionHours]]<=4,"0-4 Hours",IF(Table1[[#This Row],[ResolutionHours]]<=8,"5-8 Hours",IF(Table1[[#This Row],[ResolutionHours]]<=24,"9-24 Hours",IF(Table1[[#This Row],[ResolutionHours]]<=48,"25-48 Hours","48+ Hours"))))) -> Pending | AB9: =IF(Table1[[#This Row],[ResolutionHours]]="","",Table1[[#This Row],[ResolutionHours]]-Table1[[#This Row],[SLATargetHours]])
A10: SRM-0677 | B10: SRM | C10: 45294.275 | D10: P4 | E10: Data Request | F10: Application | G10: SRM ticket requiring operational handling | H10: In Process | I10: Middleware Team | J10: Ravi | K10: 48 | L10: 2.54 | O10: Pending | P10: 17465.4 | Q10: Low | R10: APAC | S10: Service Desk | T10: Access Issue | U10: No | V10: No | W10: Pending | X10: =YEAR(Table1[[#This Row],[BookingDate]]) -> 2024 | Y10: =TEXT(Table1[[#This Row],[BookingDate]],"mmm") -> Jan | Z10: =TEXT(Table1[[#This Row],[BookingDate]],"mmm-yyy") -> Jan-2024 | AA10: =IF(Table1[[#This Row],[ResolutionHours]]="","Pending",IF(Table1[[#This Row],[ResolutionHours]]<=4,"0-4 Hours",IF(Table1[[#This Row],[ResolutionHours]]<=8,"5-8 Hours",IF(Table1[[#This Row],[ResolutionHours]]<=24,"9-24 Hours",IF(Table1[[#This Row],[ResolutionHours]]<=48,"25-48 Hours","48+ Hours"))))) -> Pending | AB10: =IF(Table1[[#This Row],[ResolutionHours]]="","",Table1[[#This Row],[ResolutionHours]]-Table1[[#This Row],[SLATargetHours]])
A11: SRM-0040 | B11: SRM | C11: 45294.58 | D11: P4 | E11: Configuration Change | F11: Access | G11: SRM ticket requiring operational handling | H11: Closed | I11: App Support | J11: Anil | K11: 48 | L11: 0.96 | M11: 29.6 | N11: 45295.814 | O11: Met | P11: 29.6 | Q11: Low | R11: UK | S11: Portal | T11: Third-Party Dependency | U11: No | V11: No | W11: Met | X11: =YEAR(Table1[[#This Row],[BookingDate]]) -> 2024 | Y11: =TEXT(Table1[[#This Row],[BookingDate]],"mmm") -> Jan | Z11: =TEXT(Table1[[#This Row],[BookingDate]],"mmm-yyy") -> Jan-2024 | AA11: =IF(Table1[[#This Row],[ResolutionHours]]="","Pending",IF(Table1[[#This Row],[ResolutionHours]]<=4,"0-4 Hours",IF(Table1[[#This Row],[ResolutionHours]]<=8,"5-8 Hours",IF(Table1[[#This Row],[ResolutionHours]]<=24,"9-24 Hours",IF(Table1[[#This Row],[ResolutionHours]]<=48,"25-48 Hours","48+ Hours"))))) -> 25-48 Hours | AB11: =IF(Table1[[#This Row],[ResolutionHours]]="","",Table1[[#This Row],[ResolutionHours]]-Table1[[#This Row],[SLATargetHours]]) -> -18.4
A12: SRM-0609 | B12: SRM | C12: 45294.795 | D12: P5 | E12: Configuration Change | F12: Database | G12: SRM ticket requiring operational handling | H12: In Process | I12: Security Team | J12: Arjun | K12: 72 | L12: 6.72 | O12: Pending | P12: 17452.93 | Q12: Low | R12: APAC | S12: Monitoring Alert | T12: Network Issue | U12: No | V12: No | W12: Pending | X12: =YEAR(Table1[[#This Row],[BookingDate]]) -> 2024 | Y12: =TEXT(Table1[[#This Row],[BookingDate]],"mmm") -> Jan | Z12: =TEXT(Table1[[#This Row],[BookingDate]],"mmm-yyy") -> Jan-2024 | AA12: =IF(Table1[[#This Row],[ResolutionHours]]="","Pending",IF(Table1[[#This Row],[ResolutionHours]]<=4,"0-4 Hours",IF(Table1[[#This Row],[ResolutionHours]]<=8,"5-8 Hours",IF(Table1[[#This Row],[ResolutionHours]]<=24,"9-24 Hours",IF(Table1[[#This Row],[ResolutionHours]]<=48,"25-48 Hours","48+ Hours"))))) -> Pending | AB12: =IF(Table1[[#This Row],[ResolutionHours]]="","",Table1[[#This Row],[ResolutionHours]]-Table1[[#This Row],[SLATargetHours]])
A13: INM-0901 | B13: INM | C13: 45295.201 | D13: P1 | E13: Certificate/TLS | F13: Middleware | G13: INM ticket requiring operational handling | H13: In Process | I13: Infrastructure Team | J13: Suresh | K13: 4 | L13: 0.24 | O13: Pending | P13: 17443.17 | Q13: Critical | R13: UK | S13: Monitoring Alert | T13: Application Defect | U13: No | V13: Yes | W13: Pending | X13: =YEAR(Table1[[#This Row],[BookingDate]]) -> 2024 | Y13: =TEXT(Table1[[#This Row],[BookingDate]],"mmm") -> Jan | Z13: =TEXT(Table1[[#This Row],[BookingDate]],"mmm-yyy") -> Jan-2024 | AA13: =IF(Table1[[#This Row],[ResolutionHours]]="","Pending",IF(Table1[[#This Row],[ResolutionHours]]<=4,"0-4 Hours",IF(Table1[[#This Row],[ResolutionHours]]<=8,"5-8 Hours",IF(Table1[[#This Row],[ResolutionHours]]<=24,"9-24 Hours",IF(Table1[[#This Row],[ResolutionHours]]<=48,"25-48 Hours","48+ Hours"))))) -> Pending | AB13: =IF(Table1[[#This Row],[ResolutionHours]]="","",Table1[[#This Row],[ResolutionHours]]-Table1[[#This Row],[SLATargetHours]])
A14: PRM-1000 | B14: PRM | C14: 45295.294 | D14: P4 | E14: Security Vulnerability | F14: Reporting | G14: PRM ticket requiring operational handling | H14: Closed | I14: Security Team | J14: Neha | K14: 48 | L14: 3.73 | M14: 41.06 | N14: 45297.005 | O14: Met | P14: 41.06 | Q14: High | R14: UK | S14: Phone | T14: Application Defect | U14: No | V14: No | W14: Met | X14: =YEAR(Table1[[#This Row],[BookingDate]]) -> 2024 | Y14: =TEXT(Table1[[#This Row],[BookingDate]],"mmm") -> Jan | Z14: =TEXT(Table1[[#This Row],[BookingDate]],"mmm-yyy") -> Jan-2024 | AA14: =IF(Table1[[#This Row],[ResolutionHours]]="","Pending",IF(Table1[[#This Row],[ResolutionHours]]<=4,"0-4 Hours",IF(Table1[[#This Row],[ResolutionHours]]<=8,"5-8 Hours",IF(Table1[[#This Row],[ResolutionHours]]<=24,"9-24 Hours",IF(Table1[[#This Row],[ResolutionHours]]<=48,"25-48 Hours","48+ Hours"))))) -> 25-48 Hours | AB14: =IF(Table1[[#This Row],[ResolutionHours]]="","",Table1[[#This Row],[ResolutionHours]]-Table1[[#This Row],[SLATargetHours]]) -> -6.94
A15: INM-0773 | B15: INM | C15: 45295.575 | D15: P1 | E15: Login/Access | F15: Application | G15: INM ticket requiring operational handling | H15: In Process | I15: Middleware Team | J15: Arjun | K15: 4 | L15: 0.4 | O15: Pending | P15: 17434.2 | Q15: Critical | R15: Europe | S15: Monitoring Alert | T15: Certificate Expiry | U15: No | V15: No | W15: Pending | X15: =YEAR(Table1[[#This Row],[BookingDate]]) -> 2024 | Y15: =TEXT(Table1[[#This Row],[BookingDate]],"mmm") -> Jan | Z15: =TEXT(Table1[[#This Row],[BookingDate]],"mmm-yyy") -> Jan-2024 | AA15: =IF(Table1[[#This Row],[ResolutionHours]]="","Pending",IF(Table1[[#This Row],[ResolutionHours]]<=4,"0-4 Hours",IF(Table1[[#This Row],[ResolutionHours]]<=8,"5-8 Hours",IF(Table1[[#This Row],[ResolutionHours]]<=24,"9-24 Hours",IF(Table1[[#This Row],[ResolutionHours]]<=48,"25-48 Hours","48+ Hours"))))) -> Pending | AB15: =IF(Table1[[#This Row],[ResolutionHours]]="","",Table1[[#This Row],[ResolutionHours]]-Table1[[#This Row],[SLATargetHours]])
A16: SRM-0444 | B16: SRM | C16: 45295.716 | D16: P2 | E16: Account Request | F16: Application | G16: SRM ticket requiring operational handling | H16: Closed | I16: Database Team | J16: Anil | K16: 8 | L16: 1.01 | M16: 7.08 | N16: 45296.011 | O16: Met | P16: 7.08 | Q16: High | R16: US | S16: Email | T16: Configuration Error | U16: No | V16: No | W16: Met | X16: =YEAR(Table1[[#This Row],[BookingDate]]) -> 2024 | Y16: =TEXT(Table1[[#This Row],[BookingDate]],"mmm") -> Jan | Z16: =TEXT(Table1[[#This Row],[BookingDate]],"mmm-yyy") -> Jan-2024 | AA16: =IF(Table1[[#This Row],[ResolutionHours]]="","Pending",IF(Table1[[#This Row],[ResolutionHours]]<=4,"0-4 Hours",IF(Table1[[#This Row],[ResolutionHours]]<=8,"5-8 Hours",IF(Table1[[#This Row],[ResolutionHours]]<=24,"9-24 Hours",IF(Table1[[#This Row],[ResolutionHours]]<=48,"25-48 Hours","48+ Hours"))))) -> 5-8 Hours | AB16: =IF(Table1[[#This Row],[ResolutionHours]]="","",Table1[[#This Row],[ResolutionHours]]-Table1[[#This Row],[SLATargetHours]]) -> -0.92
A17: INM-0381 | B17: INM | C17: 45295.879 | D17: P3 | E17: Certificate/TLS | F17: Application | G17: INM ticket requiring operational handling | H17: Closed | I17: Service Desk | J17: Kavya | K17: 24 | L17: 0.61 | M17: 12.38 | N17: 45296.395 | O17: Met | P17: 12.38 | Q17: Low | R17: US | S17: Monitoring Alert | T17: Certificate Expiry | U17: No | V17: No | W17: Met | X17: =YEAR(Table1[[#This Row],[BookingDate]]) -> 2024 | Y17: =TEXT(Table1[[#This Row],[BookingDate]],"mmm") -> Jan | Z17: =TEXT(Table1[[#This Row],[BookingDate]],"mmm-yyy") -> Jan-2024 | AA17: =IF(Table1[[#This Row],[ResolutionHours]]="","Pending",IF(Table1[[#This Row],[ResolutionHours]]<=4,"0-4 Hours",IF(Table1[[#This Row],[ResolutionHours]]<=8,"5-8 Hours",IF(Table1[[#This Row],[ResolutionHours]]<=24,"9-24 Hours",IF(Table1[[#This Row],[ResolutionHours]]<=48,"25-48 Hours","48+ Hours"))))) -> 9-24 Hours | AB17: =IF(Table1[[#This Row],[ResolutionHours]]="","",Table1[[#This Row],[ResolutionHours]]-Table1[[#This Row],[SLATargetHours]]) -> -11.62
A18: INM-0846 | B18: INM | C18: 45295.969 | D18: P2 | E18: Login/Access | F18: Middleware | G18: INM ticket requiring operational handling | H18: Closed | I18: Service Desk | J18: Ravi | K18: 8 | L18: 0.68 | M18: 2.57 | N18: 45296.076 | O18: Met | P18: 2.57 | Q18: High | R18: Europe | S18: Portal | T18: Access Issue | U18: No | V18: No | W18: Met | X18: =YEAR(Table1[[#This Row],[BookingDate]]) -> 2024 | Y18: =TEXT(Table1[[#This Row],[BookingDate]],"mmm") -> Jan | Z18: =TEXT(Table1[[#This Row],[BookingDate]],"mmm-yyy") -> Jan-2024 | AA18: =IF(Table1[[#This Row],[ResolutionHours]]="","Pending",IF(Table1[[#This Row],[ResolutionHours]]<=4,"0-4 Hours",IF(Table1[[#This Row],[ResolutionHours]]<=8,"5-8 Hours",IF(Table1[[#This Row],[ResolutionHours]]<=24,"9-24 Hours",IF(Table1[[#This Row],[ResolutionHours]]<=48,"25-48 Hours","48+ Hours"))))) -> 0-4 Hours | AB18: =IF(Table1[[#This Row],[ResolutionHours]]="","",Table1[[#This Row],[ResolutionHours]]-Table1[[#This Row],[SLATargetHours]]) -> -5.43
A19: INM-0845 | B19: INM | C19: 45296.001 | D19: P4 | E19: Certificate/TLS | F19: Reporting | G19: INM ticket requiring operational handling | H19: Closed | I19: Security Team | J19: Suresh | K19: 48 | L19: 7.46 | M19: 7.98 | N19: 45296.334 | O19: Met | P19: 7.98 | Q19: Medium | R19: UK | S19: Service Desk | T19: Application Defect | U19: No | V19: No | W19: Met | X19: =YEAR(Table1[[#This Row],[BookingDate]]) -> 2024 | Y19: =TEXT(Table1[[#This Row],[BookingDate]],"mmm") -> Jan | Z19: =TEXT(Table1[[#This Row],[BookingDate]],"mmm-yyy") -> Jan-2024 | AA19: =IF(Table1[[#This Row],[ResolutionHours]]="","Pending",IF(Table1[[#This Row],[ResolutionHours]]<=4,"0-4 Hours",IF(Table1[[#This Row],[ResolutionHours]]<=8,"5-8 Hours",IF(Table1[[#This Row],[ResolutionHours]]<=24,"9-24 Hours",IF(Table1[[#This Row],[ResolutionHours]]<=48,"25-48 Hours","48+ Hours"))))) -> 5-8 Hours | AB19: =IF(Table1[[#This Row],[ResolutionHours]]="","",Table1[[#This Row],[ResolutionHours]]-Table1[[#This Row],[SLATargetHours]]) -> -40.02
A20: PRM-0525 | B20: PRM | C20: 45296.019 | D20: P5 | E20: Security Vulnerability | F20: Database | G20: PRM ticket requiring operational handling | H20: Closed | I20: Service Desk | J20: Rohit | K20: 72 | L20: 6.5 | M20: 35.51 | N20: 45297.498 | O20: Met | P20: 35.51 | Q20: Medium | R20: UK | S20: Service Desk | T20: Third-Party Dependency | U20: No | V20: Yes | W20: Met | X20: =YEAR(Table1[[#This Row],[BookingDate]]) -> 2024 | Y20: =TEXT(Table1[[#This Row],[BookingDate]],"mmm") -> Jan | Z20: =TEXT(Table1[[#This Row],[BookingDate]],"mmm-yyy") -> Jan-2024 | AA20: =IF(Table1[[#This Row],[ResolutionHours]]="","Pending",IF(Table1[[#This Row],[ResolutionHours]]<=4,"0-4 Hours",IF(Table1[[#This Row],[ResolutionHours]]<=8,"5-8 Hours",IF(Table1[[#This Row],[ResolutionHours]]<=24,"9-24 Hours",IF(Table1[[#This Row],[ResolutionHours]]<=48,"25-48 Hours","48+ Hours"))))) -> 25-48 Hours | AB20: =IF(Table1[[#This Row],[ResolutionHours]]="","",Table1[[#This Row],[ResolutionHours]]-Table1[[#This Row],[SLATargetHours]]) -> -36.49
A21: PRM-0992 | B21: PRM | C21: 45296.576 | D21: P4 | E21: Database Root Cause | F21: Infrastructure | G21: PRM ticket requiring operational handling | H21: Closed | I21: App Support | J21: Asha | K21: 48 | L21: 1.86 | M21: 46.45 | N21: 45298.511 | O21: Met | P21: 46.45 | Q21: Medium | R21: US | S21: Phone | T21: Network Issue | U21: Yes | V21: No | W21: Met | X21: =YEAR(Table1[[#This Row],[BookingDate]]) -> 2024 | Y21: =TEXT(Table1[[#This Row],[BookingDate]],"mmm") -> Jan | Z21: =TEXT(Table1[[#This Row],[BookingDate]],"mmm-yyy") -> Jan-2024 | AA21: =IF(Table1[[#This Row],[ResolutionHours]]="","Pending",IF(Table1[[#This Row],[ResolutionHours]]<=4,"0-4 Hours",IF(Table1[[#This Row],[ResolutionHours]]<=8,"5-8 Hours",IF(Table1[[#This Row],[ResolutionHours]]<=24,"9-24 Hours",IF(Table1[[#This Row],[ResolutionHours]]<=48,"25-48 Hours","48+ Hours"))))) -> 25-48 Hours | AB21: =IF(Table1[[#This Row],[ResolutionHours]]="","",Table1[[#This Row],[ResolutionHours]]-Table1[[#This Row],[SLATargetHours]]) -> -1.55
A22: INM-0465 | B22: INM | C22: 45296.76 | D22: P1 | E22: Performance Issue | F22: Database | G22: INM ticket requiring operational handling | H22: Assigned | I22: Database Team | J22: Kavya | K22: 4 | L22: 0.13 | O22: Pending | P22: 17405.77 | Q22: Critical | R22: India | S22: Email | T22: Capacity Constraint | U22: No | V22: Yes | W22: Pending | X22: =YEAR(Table1[[#This Row],[BookingDate]]) -> 2024 | Y22: =TEXT(Table1[[#This Row],[BookingDate]],"mmm") -> Jan | Z22: =TEXT(Table1[[#This Row],[BookingDate]],"mmm-yyy") -> Jan-2024 | AA22: =IF(Table1[[#This Row],[ResolutionHours]]="","Pending",IF(Table1[[#This Row],[ResolutionHours]]<=4,"0-4 Hours",IF(Table1[[#This Row],[ResolutionHours]]<=8,"5-8 Hours",IF(Table1[[#This Row],[ResolutionHours]]<=24,"9-24 Hours",IF(Table1[[#This Row],[ResolutionHours]]<=48,"25-48 Hours","48+ Hours"))))) -> Pending | AB22: =IF(Table1[[#This Row],[ResolutionHours]]="","",Table1[[#This Row],[ResolutionHours]]-Table1[[#This Row],[SLATargetHours]])
A23: PRM-0139 | B23: PRM | C23: 45296.785 | D23: P1 | E23: Database Root Cause | F23: Application | G23: PRM ticket requiring operational handling | H23: Closed | I23: Service Desk | J23: Divya | K23: 4 | L23: 0.1 | M23: 3.6 | N23: 45296.935 | O23: Met | P23: 3.6 | Q23: Critical | R23: US | S23: Portal | T23: Application Defect | U23: No | V23: No | W23: Met | X23: =YEAR(Table1[[#This Row],[BookingDate]]) -> 2024 | Y23: =TEXT(Table1[[#This Row],[BookingDate]],"mmm") -> Jan | Z23: =TEXT(Table1[[#This Row],[BookingDate]],"mmm-yyy") -> Jan-2024 | AA23: =IF(Table1[[#This Row],[ResolutionHours]]="","Pending",IF(Table1[[#This Row],[ResolutionHours]]<=4,"0-4 Hours",IF(Table1[[#This Row],[ResolutionHours]]<=8,"5-8 Hours",IF(Table1[[#This Row],[ResolutionHours]]<=24,"9-24 Hours",IF(Table1[[#This Row],[ResolutionHours]]<=48,"25-48 Hours","48+ Hours"))))) -> 0-4 Hours | AB23: =IF(Table1[[#This Row],[ResolutionHours]]="","",Table1[[#This Row],[ResolutionHours]]-Table1[[#This Row],[SLATargetHours]]) -> -0.4
A24: INM-0575 | B24: INM | C24: 45297.172 | D24: P3 | E24: Application Down | F24: Reporting | G24: INM ticket requiring operational handling | H24: Closed | I24: Infrastructure Team | J24: Manoj | K24: 24 | L24: 3.45 | M24: 9.61 | N24: 45297.573 | O24: Met | P24: 9.61 | Q24: Medium | R24: UK | S24: Monitoring Alert | T24: Configuration Error | U24: No | V24: No | W24: Met | X24: =YEAR(Table1[[#This Row],[BookingDate]]) -> 2024 | Y24: =TEXT(Table1[[#This Row],[BookingDate]],"mmm") -> Jan | Z24: =TEXT(Table1[[#This Row],[BookingDate]],"mmm-yyy") -> Jan-2024 | AA24: =IF(Table1[[#This Row],[ResolutionHours]]="","Pending",IF(Table1[[#This Row],[ResolutionHours]]<=4,"0-4 Hours",IF(Table1[[#This Row],[ResolutionHours]]<=8,"5-8 Hours",IF(Table1[[#This Row],[ResolutionHours]]<=24,"9-24 Hours",IF(Table1[[#This Row],[ResolutionHours]]<=48,"25-48 Hours","48+ Hours"))))) -> 9-24 Hours | AB24: =IF(Table1[[#This Row],[ResolutionHours]]="","",Table1[[#This Row],[ResolutionHours]]-Table1[[#This Row],[SLATargetHours]]) -> -14.39
A25: SRM-0345 | B25: SRM | C25: 45297.275 | D25: P4 | E25: New User Setup | F25: Infrastructure | G25: SRM ticket requiring operational handling | H25: Answered | I25: Security Team | J25: Arjun | K25: 48 | L25: 6.19 | M25: 21.93 | N25: 45298.189 | O25: Met | P25: 21.93 | Q25: Medium | R25: Europe | S25: Email | T25: Infrastructure Failure | U25: No | V25: No | W25: Met | X25: =YEAR(Table1[[#This Row],[BookingDate]]) -> 2024 | Y25: =TEXT(Table1[[#This Row],[BookingDate]],"mmm") -> Jan | Z25: =TEXT(Table1[[#This Row],[BookingDate]],"mmm-yyy") -> Jan-2024 | AA25: =IF(Table1[[#This Row],[ResolutionHours]]="","Pending",IF(Table1[[#This Row],[ResolutionHours]]<=4,"0-4 Hours",IF(Table1[[#This Row],[ResolutionHours]]<=8,"5-8 Hours",IF(Table1[[#This Row],[ResolutionHours]]<=24,"9-24 Hours",IF(Table1[[#This Row],[ResolutionHours]]<=48,"25-48 Hours","48+ Hours"))))) -> 9-24 Hours | AB25: =IF(Table1[[#This Row],[ResolutionHours]]="","",Table1[[#This Row],[ResolutionHours]]-Table1[[#This Row],[SLATargetHours]]) -> -26.07
A26: INM-0104 | B26: INM | C26: 45297.382 | D26: P4 | E26: Database Issue | F26: Access | G26: INM ticket requiring operational handling | H26: Closed | I26: App Support | J26: Rahul | K26: 48 | L26: 3.98 | M26: 43.12 | N26: 45299.178 | O26: Met | P26: 43.12 | Q26: Medium | R26: APAC | S26: Portal | T26: Configuration Error | U26: No | V26: No | W26: Met | X26: =YEAR(Table1[[#This Row],[BookingDate]]) -> 2024 | Y26: =TEXT(Table1[[#This Row],[BookingDate]],"mmm") -> Jan | Z26: =TEXT(Table1[[#This Row],[BookingDate]],"mmm-yyy") -> Jan-2024 | AA26: =IF(Table1[[#This Row],[ResolutionHours]]="","Pending",IF(Table1[[#This Row],[ResolutionHours]]<=4,"0-4 Hours",IF(Table1[[#This Row],[ResolutionHours]]<=8,"5-8 Hours",IF(Table1[[#This Row],[ResolutionHours]]<=24,"9-24 Hours",IF(Table1[[#This Row],[ResolutionHours]]<=48,"25-48 Hours","48+ Hours"))))) -> 25-48 Hours | AB26: =IF(Table1[[#This Row],[ResolutionHours]]="","",Table1[[#This Row],[ResolutionHours]]-Table1[[#This Row],[SLATargetHours]]) -> -4.88
A27: SRM-0999 | B27: SRM | C27: 45297.553 | D27: P3 | E27: Software Installation | F27: Infrastructure | G27: SRM ticket requiring operational handling | H27: Closed | I27: App Support | J27: Swati | K27: 24 | L27: 2.4 | M27: 12.1 | N27: 45298.058 | O27: Met | P27: 12.1 | Q27: Low | R27: US | S27: Phone | T27: Application Defect | U27: No | V27: No | W27: Met | X27: =YEAR(Table1[[#This Row],[BookingDate]]) -> 2024 | Y27: =TEXT(Table1[[#This Row],[BookingDate]],"mmm") -> Jan | Z27: =TEXT(Table1[[#This Row],[BookingDate]],"mmm-yyy") -> Jan-2024 | AA27: =IF(Table1[[#This Row],[ResolutionHours]]="","Pending",IF(Table1[[#This Row],[ResolutionHours]]<=4,"0-4 Hours",IF(Table1[[#This Row],[ResolutionHours]]<=8,"5-8 Hours",IF(Table1[[#This Row],[ResolutionHours]]<=24,"9-24 Hours",IF(Table1[[#This Row],[ResolutionHours]]<=48,"25-48 Hours","48+ Hours"))))) -> 9-24 Hours | AB27: =IF(Table1[[#This Row],[ResolutionHours]]="","",Table1[[#This Row],[ResolutionHours]]-Table1[[#This Row],[SLATargetHours]]) -> -11.9
A28: INM-0707 | B28: INM | C28: 45297.741 | D28: P2 | E28: Login/Access | F28: Security | G28: INM ticket requiring operational handling | H28: Assigned | I28: App Support | J28: Pooja | K28: 8 | L28: 0.69 | O28: Pending | P28: 17382.22 | Q28: High | R28: US | S28: Service Desk | T28: Network Issue | U28: No | V28: No | W28: Pending | X28: =YEAR(Table1[[#This Row],[BookingDate]]) -> 2024 | Y28: =TEXT(Table1[[#This Row],[BookingDate]],"mmm") -> Jan | Z28: =TEXT(Table1[[#This Row],[BookingDate]],"mmm-yyy") -> Jan-2024 | AA28: =IF(Table1[[#This Row],[ResolutionHours]]="","Pending",IF(Table1[[#This Row],[ResolutionHours]]<=4,"0-4 Hours",IF(Table1[[#This Row],[ResolutionHours]]<=8,"5-8 Hours",IF(Table1[[#This Row],[ResolutionHours]]<=24,"9-24 Hours",IF(Table1[[#This Row],[ResolutionHours]]<=48,"25-48 Hours","48+ Hours"))))) -> Pending | AB28: =IF(Table1[[#This Row],[ResolutionHours]]="","",Table1[[#This Row],[ResolutionHours]]-Table1[[#This Row],[SLATargetHours]])
A29: SRM-0569 | B29: SRM | C29: 45298.801 | D29: P4 | E29: Certificate Request | F29: Middleware | G29: SRM ticket requiring operational handling | H29: Assigned | I29: Middleware Team | J29: Manoj | K29: 48 | L29: 0.85 | O29: Pending | P29: 17356.78 | Q29: High | R29: Europe | S29: Email | T29: Unknown | U29: No | V29: No | W29: Pending | X29: =YEAR(Table1[[#This Row],[BookingDate]]) -> 2024 | Y29: =TEXT(Table1[[#This Row],[BookingDate]],"mmm") -> Jan | Z29: =TEXT(Table1[[#This Row],[BookingDate]],"mmm-yyy") -> Jan-2024 | AA29: =IF(Table1[[#This Row],[ResolutionHours]]="","Pending",IF(Table1[[#This Row],[ResolutionHours]]<=4,"0-4 Hours",IF(Table1[[#This Row],[ResolutionHours]]<=8,"5-8 Hours",IF(Table1[[#This Row],[ResolutionHours]]<=24,"9-24 Hours",IF(Table1[[#This Row],[ResolutionHours]]<=48,"25-48 Hours","48+ Hours"))))) -> Pending | AB29: =IF(Table1[[#This Row],[ResolutionHours]]="","",Table1[[#This Row],[ResolutionHours]]-Table1[[#This Row],[SLATargetHours]])
A30: PRM-0204 | B30: PRM | C30: 45298.961 | D30: P1 | E30: Database Root Cause | F30: Security | G30: PRM ticket requiring operational handling | H30: Closed | I30: App Support | J30: Meera | K30: 4 | L30: 0.9 | M30: 2.22 | N30: 45299.054 | O30: Met | P30: 2.22 | Q30: Critical | R30: UK | S30: Phone | T30: Infrastructure Failure | U30: No | V30: Yes | W30: Met | X30: =YEAR(Table1[[#This Row],[BookingDate]]) -> 2024 | Y30: =TEXT(Table1[[#This Row],[BookingDate]],"mmm") -> Jan | Z30: =TEXT(Table1[[#This Row],[BookingDate]],"mmm-yyy") -> Jan-2024 | AA30: =IF(Table1[[#This Row],[ResolutionHours]]="","Pending",IF(Table1[[#This Row],[ResolutionHours]]<=4,"0-4 Hours",IF(Table1[[#This Row],[ResolutionHours]]<=8,"5-8 Hours",IF(Table1[[#This Row],[ResolutionHours]]<=24,"9-24 Hours",IF(Table1[[#This Row],[ResolutionHours]]<=48,"25-48 Hours","48+ Hours"))))) -> 0-4 Hours | AB30: =IF(Table1[[#This Row],[ResolutionHours]]="","",Table1[[#This Row],[ResolutionHours]]-Table1[[#This Row],[SLATargetHours]]) -> -1.78
A31: INM-0303 | B31: INM | C31: 45299.249 | D31: P3 | E31: Performance Issue | F31: Security | G31: INM ticket requiring operational handling | H31: Closed | I31: Middleware Team | J31: Kiran | K31: 24 | L31: 0.13 | M31: 18.07 | N31: 45300.002 | O31: Met | P31: 18.07 | Q31: High | R31: UK | S31: Email | T31: Third-Party Dependency | U31: No | V31: No | W31: Met | X31: =YEAR(Table1[[#This Row],[BookingDate]]) -> 2024 | Y31: =TEXT(Table1[[#This Row],[BookingDate]],"mmm") -> Jan | Z31: =TEXT(Table1[[#This Row],[BookingDate]],"mmm-yyy") -> Jan-2024 | AA31: =IF(Table1[[#This Row],[ResolutionHours]]="","Pending",IF(Table1[[#This Row],[ResolutionHours]]<=4,"0-4 Hours",IF(Table1[[#This Row],[ResolutionHours]]<=8,"5-8 Hours",IF(Table1[[#This Row],[ResolutionHours]]<=24,"9-24 Hours",IF(Table1[[#This Row],[ResolutionHours]]<=48,"25-48 Hours","48+ Hours"))))) -> 9-24 Hours | AB31: =IF(Table1[[#This Row],[ResolutionHours]]="","",Table1[[#This Row],[ResolutionHours]]-Table1[[#This Row],[SLATargetHours]]) -> -5.93
A32: SRM-0915 | B32: SRM | C32: 45299.378 | D32: P4 | E32: Access Request | F32: Security | G32: SRM ticket requiring operational handling | H32: Assigned | I32: Infrastructure Team | J32: Anil | K32: 48 | L32: 1.09 | O32: Pending | P32: 17342.93 | Q32: Low | R32: India | S32: Phone | T32: Infrastructure Failure | U32: No | V32: No | W32: Pending | X32: =YEAR(Table1[[#This Row],[BookingDate]]) -> 2024 | Y32: =TEXT(Table1[[#This Row],[BookingDate]],"mmm") -> Jan | Z32: =TEXT(Table1[[#This Row],[BookingDate]],"mmm-yyy") -> Jan-2024 | AA32: =IF(Table1[[#This Row],[ResolutionHours]]="","Pending",IF(Table1[[#This Row],[ResolutionHours]]<=4,"0-4 Hours",IF(Table1[[#This Row],[ResolutionHours]]<=8,"5-8 Hours",IF(Table1[[#This Row],[ResolutionHours]]<=24,"9-24 Hours",IF(Table1[[#This Row],[ResolutionHours]]<=48,"25-48 Hours","48+ Hours"))))) -> Pending | AB32: =IF(Table1[[#This Row],[ResolutionHours]]="","",Table1[[#This Row],[ResolutionHours]]-Table1[[#This Row],[SLATargetHours]])
A33: SRM-0749 | B33: SRM | C33: 45299.943 | D33: P3 | E33: Account Request | F33: Security | G33: SRM ticket requiring operational handling | H33: Assigned | I33: App Support | J33: Pooja | K33: 24 | L33: 0.7 | O33: Pending | P33: 17329.38 | Q33: High | R33: APAC | S33: Monitoring Alert | T33: Unknown | U33: No | V33: No | W33: Pending | X33: =YEAR(Table1[[#This Row],[BookingDate]]) -> 2024 | Y33: =TEXT(Table1[[#This Row],[BookingDate]],"mmm") -> Jan | Z33: =TEXT(Table1[[#This Row],[BookingDate]],"mmm-yyy") -> Jan-2024 | AA33: =IF(Table1[[#This Row],[ResolutionHours]]="","Pending",IF(Table1[[#This Row],[ResolutionHours]]<=4,"0-4 Hours",IF(Table1[[#This Row],[ResolutionHours]]<=8,"5-8 Hours",IF(Table1[[#This Row],[ResolutionHours]]<=24,"9-24 Hours",IF(Table1[[#This Row],[ResolutionHours]]<=48,"25-48 Hours","48+ Hours"))))) -> Pending | AB33: =IF(Table1[[#This Row],[ResolutionHours]]="","",Table1[[#This Row],[ResolutionHours]]-Table1[[#This Row],[SLATargetHours]])
A34: INM-0801 | B34: INM | C34: 45300.839 | D34: P4 | E34: Login/Access | F34: Infrastructure | G34: INM ticket requiring operational handling | H34: Closed | I34: Security Team | J34: Rohit | K34: 48 | L34: 0.82 | M34: 13.9 | N34: 45301.418 | O34: Met | P34: 13.9 | Q34: High | R34: India | S34: Monitoring Alert | T34: Application Defect | U34: No | V34: No | W34: Met | X34: =YEAR(Table1[[#This Row],[BookingDate]]) -> 2024 | Y34: =TEXT(Table1[[#This Row],[BookingDate]],"mmm") -> Jan | Z34: =TEXT(Table1[[#This Row],[BookingDate]],"mmm-yyy") -> Jan-2024 | AA34: =IF(Table1[[#This Row],[ResolutionHours]]="","Pending",IF(Table1[[#This Row],[ResolutionHours]]<=4,"0-4 Hours",IF(Table1[[#This Row],[ResolutionHours]]<=8,"5-8 Hours",IF(Table1[[#This Row],[ResolutionHours]]<=24,"9-24 Hours",IF(Table1[[#This Row],[ResolutionHours]]<=48,"25-48 Hours","48+ Hours"))))) -> 9-24 Hours | AB34: =IF(Table1[[#This Row],[ResolutionHours]]="","",Table1[[#This Row],[ResolutionHours]]-Table1[[#This Row],[SLATargetHours]]) -> -34.1
A35: INM-0790 | B35: INM | C35: 45300.993 | D35: P2 | E35: Integration Failure | F35: Application | G35: INM ticket requiring operational handling | H35: In Process | I35: Database Team | J35: Vikram | K35: 8 | L35: 0.57 | O35: Pending | P35: 17304.16 | Q35: High | R35: UK | S35: Service Desk | T35: Unknown | U35: No | V35: No | W35: Pending | X35: =YEAR(Table1[[#This Row],[BookingDate]]) -> 2024 | Y35: =TEXT(Table1[[#This Row],[BookingDate]],"mmm") -> Jan | Z35: =TEXT(Table1[[#This Row],[BookingDate]],"mmm-yyy") -> Jan-2024 | AA35: =IF(Table1[[#This Row],[ResolutionHours]]="","Pending",IF(Table1[[#This Row],[ResolutionHours]]<=4,"0-4 Hours",IF(Table1[[#This Row],[ResolutionHours]]<=8,"5-8 Hours",IF(Table1[[#This Row],[ResolutionHours]]<=24,"9-24 Hours",IF(Table1[[#This Row],[ResolutionHours]]<=48,"25-48 Hours","48+ Hours"))))) -> Pending | AB35: =IF(Table1[[#This Row],[ResolutionHours]]="","",Table1[[#This Row],[ResolutionHours]]-Table1[[#This Row],[SLATargetHours]])
A36: SRM-0537 | B36: SRM | C36: 45301.494 | D36: P5 | E36: Access Request | F36: Security | G36: SRM ticket requiring operational handling | H36: In Process | I36: Middleware Team | J36: Sneha | K36: 72 | L36: 11.2 | O36: Pending | P36: 17292.16 | Q36: Low | R36: UK | S36: Email | T36: Application Defect | U36: No | V36: No | W36: Pending | X36: =YEAR(Table1[[#This Row],[BookingDate]]) -> 2024 | Y36: =TEXT(Table1[[#This Row],[BookingDate]],"mmm") -> Jan | Z36: =TEXT(Table1[[#This Row],[BookingDate]],"mmm-yyy") -> Jan-2024 | AA36: =IF(Table1[[#This Row],[ResolutionHours]]="","Pending",IF(Table1[[#This Row],[ResolutionHours]]<=4,"0-4 Hours",IF(Table1[[#This Row],[ResolutionHours]]<=8,"5-8 Hours",IF(Table1[[#This Row],[ResolutionHours]]<=24,"9-24 Hours",IF(Table1[[#This Row],[ResolutionHours]]<=48,"25-48 Hours","48+ Hours"))))) -> Pending | AB36: =IF(Table1[[#This Row],[ResolutionHours]]="","",Table1[[#This Row],[ResolutionHours]]-Table1[[#This Row],[SLATargetHours]])
A37: PRM-0733 | B37: PRM | C37: 45301.762 | D37: P4 | E37: Security Vulnerability | F37: Reporting | G37: PRM ticket requiring operational handling | H37: Closed | I37: Middleware Team | J37: Amit | K37: 48 | L37: 1.99 | M37: 20.92 | N37: 45302.633 | O37: Met | P37: 20.92 | Q37: High | R37: Europe | S37: Phone | T37: Third-Party Dependency | U37: No | V37: No | W37: Met | X37: =YEAR(Table1[[#This Row],[BookingDate]]) -> 2024 | Y37: =TEXT(Table1[[#This Row],[BookingDate]],"mmm") -> Jan | Z37: =TEXT(Table1[[#This Row],[BookingDate]],"mmm-yyy") -> Jan-2024 | AA37: =IF(Table1[[#This Row],[ResolutionHours]]="","Pending",IF(Table1[[#This Row],[ResolutionHours]]<=4,"0-4 Hours",IF(Table1[[#This Row],[ResolutionHours]]<=8,"5-8 Hours",IF(Table1[[#This Row],[ResolutionHours]]<=24,"9-24 Hours",IF(Table1[[#This Row],[ResolutionHours]]<=48,"25-48 Hours","48+ Hours"))))) -> 9-24 Hours | AB37: =IF(Table1[[#This Row],[ResolutionHours]]="","",Table1[[#This Row],[ResolutionHours]]-Table1[[#This Row],[SLATargetHours]]) -> -27.08
A38: INM-0410 | B38: INM | C38: 45302.187 | D38: P2 | E38: Database Issue | F38: Security | G38: INM ticket requiring operational handling | H38: Closed | I38: App Support | J38: Ravi | K38: 8 | L38: 1.52 | M38: 5.14 | N38: 45302.402 | O38: Met | P38: 5.14 | Q38: High | R38: India | S38: Monitoring Alert | T38: Application Defect | U38: No | V38: Yes | W38: Met | X38: =YEAR(Table1[[#This Row],[BookingDate]]) -> 2024 | Y38: =TEXT(Table1[[#This Row],[BookingDate]],"mmm") -> Jan | Z38: =TEXT(Table1[[#This Row],[BookingDate]],"mmm-yyy") -> Jan-2024 | AA38: =IF(Table1[[#This Row],[ResolutionHours]]="","Pending",IF(Table1[[#This Row],[ResolutionHours]]<=4,"0-4 Hours",IF(Table1[[#This Row],[ResolutionHours]]<=8,"5-8 Hours",IF(Table1[[#This Row],[ResolutionHours]]<=24,"9-24 Hours",IF(Table1[[#This Row],[ResolutionHours]]<=48,"25-48 Hours","48+ Hours"))))) -> 5-8 Hours | AB38: =IF(Table1[[#This Row],[ResolutionHours]]="","",Table1[[#This Row],[ResolutionHours]]-Table1[[#This Row],[SLATargetHours]]) -> -2.86
A39: PRM-0111 | B39: PRM | C39: 45302.308 | D39: P3 | E39: Process Gap | F39: Application | G39: PRM ticket requiring operational handling | H39: Closed | I39: Security Team | J39: Kavya | K39: 24 | L39: 1.73 | M39: 19.51 | N39: 45303.12 | O39: Met | P39: 19.51 | Q39: Medium | R39: Europe | S39: Service Desk | T39: Infrastructure Failure | U39: No | V39: No | W39: Met | X39: =YEAR(Table1[[#This Row],[BookingDate]]) -> 2024 | Y39: =TEXT(Table1[[#This Row],[BookingDate]],"mmm") -> Jan | Z39: =TEXT(Table1[[#This Row],[BookingDate]],"mmm-yyy") -> Jan-2024 | AA39: =IF(Table1[[#This Row],[ResolutionHours]]="","Pending",IF(Table1[[#This Row],[ResolutionHours]]<=4,"0-4 Hours",IF(Table1[[#This Row],[ResolutionHours]]<=8,"5-8 Hours",IF(Table1[[#This Row],[ResolutionHours]]<=24,"9-24 Hours",IF(Table1[[#This Row],[ResolutionHours]]<=48,"25-48 Hours","48+ Hours"))))) -> 9-24 Hours | AB39: =IF(Table1[[#This Row],[ResolutionHours]]="","",Table1[[#This Row],[ResolutionHours]]-Table1[[#This Row],[SLATargetHours]]) -> -4.49
A40: SRM-0063 | B40: SRM | C40: 45302.314 | D40: P2 | E40: Configuration Change | F40: Middleware | G40: SRM ticket requiring operational handling | H40: Closed | I40: Service Desk | J40: Meera | K40: 8 | L40: 0.18 | M40: 3.71 | N40: 45302.469 | O40: Met | P40: 3.71 | Q40: High | R40: India | S40: Portal | T40: Capacity Constraint | U40: No | V40: No | W40: Met | X40: =YEAR(Table1[[#This Row],[BookingDate]]) -> 2024 | Y40: =TEXT(Table1[[#This Row],[BookingDate]],"mmm") -> Jan | Z40: =TEXT(Table1[[#This Row],[BookingDate]],"mmm-yyy") -> Jan-2024 | AA40: =IF(Table1[[#This Row],[ResolutionHours]]="","Pending",IF(Table1[[#This Row],[ResolutionHours]]<=4,"0-4 Hours",IF(Table1[[#This Row],[ResolutionHours]]<=8,"5-8 Hours",IF(Table1[[#This Row],[ResolutionHours]]<=24,"9-24 Hours",IF(Table1[[#This Row],[ResolutionHours]]<=48,"25-48 Hours","48+ Hours"))))) -> 0-4 Hours | AB40: =IF(Table1[[#This Row],[ResolutionHours]]="","",Table1[[#This Row],[ResolutionHours]]-Table1[[#This Row],[SLATargetHours]]) -> -4.29
A41: INM-0839 | B41: INM | C41: 45302.653 | D41: P2 | E41: Application Down | F41: Database | G41: INM ticket requiring operational handling | H41: Closed | I41: Infrastructure Team | J41: Divya | K41: 8 | L41: 0.42 | M41: 3.33 | N41: 45302.791 | O41: Met | P41: 3.33 | Q41: High | R41: India | S41: Monitoring Alert | T41: Infrastructure Failure | U41: No | V41: No | W41: Met | X41: =YEAR(Table1[[#This Row],[BookingDate]]) -> 2024 | Y41: =TEXT(Table1[[#This Row],[BookingDate]],"mmm") -> Jan | Z41: =TEXT(Table1[[#This Row],[BookingDate]],"mmm-yyy") -> Jan-2024 | AA41: =IF(Table1[[#This Row],[ResolutionHours]]="","Pending",IF(Table1[[#This Row],[ResolutionHours]]<=4,"0-4 Hours",IF(Table1[[#This Row],[ResolutionHours]]<=8,"5-8 Hours",IF(Table1[[#This Row],[ResolutionHours]]<=24,"9-24 Hours",IF(Table1[[#This Row],[ResolutionHours]]<=48,"25-48 Hours","48+ Hours"))))) -> 0-4 Hours | AB41: =IF(Table1[[#This Row],[ResolutionHours]]="","",Table1[[#This Row],[ResolutionHours]]-Table1[[#This Row],[SLATargetHours]]) -> -4.67
A42: SRM-0411 | B42: SRM | C42: 45302.797 | D42: P4 | E42: Data Request | F42: Infrastructure | G42: SRM ticket requiring operational handling | H42: Closed | I42: Infrastructure Team | J42: Anil | K42: 48 | L42: 3.59 | M42: 84.53 | N42: 45306.319 | O42: Breached | P42: 84.53 | Q42: Low | R42: APAC | S42: Email | T42: Unknown | U42: No | V42: No | W42: Breached | X42: =YEAR(Table1[[#This Row],[BookingDate]]) -> 2024 | Y42: =TEXT(Table1[[#This Row],[BookingDate]],"mmm") -> Jan | Z42: =TEXT(Table1[[#This Row],[BookingDate]],"mmm-yyy") -> Jan-2024 | AA42: =IF(Table1[[#This Row],[ResolutionHours]]="","Pending",IF(Table1[[#This Row],[ResolutionHours]]<=4,"0-4 Hours",IF(Table1[[#This Row],[ResolutionHours]]<=8,"5-8 Hours",IF(Table1[[#This Row],[ResolutionHours]]<=24,"9-24 Hours",IF(Table1[[#This Row],[ResolutionHours]]<=48,"25-48 Hours","48+ Hours"))))) -> 48+ Hours | AB42: =IF(Table1[[#This Row],[ResolutionHours]]="","",Table1[[#This Row],[ResolutionHours]]-Table1[[#This Row],[SLATargetHours]]) -> 36.53
A43: SRM-0972 | B43: SRM | C43: 45302.995 | D43: P5 | E43: Data Request | F43: Access | G43: SRM ticket requiring operational handling | H43: Assigned | I43: Infrastructure Team | J43: Suresh | K43: 72 | L43: 3.73 | O43: Pending | P43: 17256.12 | Q43: Medium | R43: Europe | S43: Portal | T43: Capacity Constraint | U43: No | V43: No | W43: Pending | X43: =YEAR(Table1[[#This Row],[BookingDate]]) -> 2024 | Y43: =TEXT(Table1[[#This Row],[BookingDate]],"mmm") -> Jan | Z43: =TEXT(Table1[[#This Row],[BookingDate]],"mmm-yyy") -> Jan-2024 | AA43: =IF(Table1[[#This Row],[ResolutionHours]]="","Pending",IF(Table1[[#This Row],[ResolutionHours]]<=4,"0-4 Hours",IF(Table1[[#This Row],[ResolutionHours]]<=8,"5-8 Hours",IF(Table1[[#This Row],[ResolutionHours]]<=24,"9-24 Hours",IF(Table1[[#This Row],[ResolutionHours]]<=48,"25-48 Hours","48+ Hours"))))) -> Pending | AB43: =IF(Table1[[#This Row],[ResolutionHours]]="","",Table1[[#This Row],[ResolutionHours]]-Table1[[#This Row],[SLATargetHours]])
A44: PRM-0209 | B44: PRM | C44: 45303.092 | D44: P4 | E44: Security Vulnerability | F44: Application | G44: PRM ticket requiring operational handling | H44: Closed | I44: Infrastructure Team | J44: Nisha | K44: 48 | L44: 1.14 | M44: 45.9 | N44: 45305.004 | O44: Met | P44: 45.9 | Q44: Medium | R44: APAC | S44: Email | T44: Certificate Expiry | U44: No | V44: No | W44: Met | X44: =YEAR(Table1[[#This Row],[BookingDate]]) -> 2024 | Y44: =TEXT(Table1[[#This Row],[BookingDate]],"mmm") -> Jan | Z44: =TEXT(Table1[[#This Row],[BookingDate]],"mmm-yyy") -> Jan-2024 | AA44: =IF(Table1[[#This Row],[ResolutionHours]]="","Pending",IF(Table1[[#This Row],[ResolutionHours]]<=4,"0-4 Hours",IF(Table1[[#This Row],[ResolutionHours]]<=8,"5-8 Hours",IF(Table1[[#This Row],[ResolutionHours]]<=24,"9-24 Hours",IF(Table1[[#This Row],[ResolutionHours]]<=48,"25-48 Hours","48+ Hours"))))) -> 25-48 Hours | AB44: =IF(Table1[[#This Row],[ResolutionHours]]="","",Table1[[#This Row],[ResolutionHours]]-Table1[[#This Row],[SLATargetHours]]) -> -2.1
A45: PRM-0486 | B45: PRM | C45: 45303.385 | D45: P3 | E45: Database Root Cause | F45: Access | G45: PRM ticket requiring operational handling | H45: Noticed | I45: Service Desk | J45: Priya | K45: 24 | L45: 1.02 | O45: Pending | P45: 17246.75 | Q45: Medium | R45: US | S45: Email | T45: Infrastructure Failure | U45: No | V45: No | W45: Pending | X45: =YEAR(Table1[[#This Row],[BookingDate]]) -> 2024 | Y45: =TEXT(Table1[[#This Row],[BookingDate]],"mmm") -> Jan | Z45: =TEXT(Table1[[#This Row],[BookingDate]],"mmm-yyy") -> Jan-2024 | AA45: =IF(Table1[[#This Row],[ResolutionHours]]="","Pending",IF(Table1[[#This Row],[ResolutionHours]]<=4,"0-4 Hours",IF(Table1[[#This Row],[ResolutionHours]]<=8,"5-8 Hours",IF(Table1[[#This Row],[ResolutionHours]]<=24,"9-24 Hours",IF(Table1[[#This Row],[ResolutionHours]]<=48,"25-48 Hours","48+ Hours"))))) -> Pending | AB45: =IF(Table1[[#This Row],[ResolutionHours]]="","",Table1[[#This Row],[ResolutionHours]]-Table1[[#This Row],[SLATargetHours]])
A46: INM-0889 | B46: INM | C46: 45303.513 | D46: P5 | E46: Performance Issue | F46: Reporting | G46: INM ticket requiring operational handling | H46: Closed | I46: Database Team | J46: Meera | K46: 72 | L46: 6.14 | M46: 38.9 | N46: 45305.134 | O46: Met | P46: 38.9 | Q46: Medium | R46: US | S46: Email | T46: Network Issue | U46: No | V46: No | W46: Met | X46: =YEAR(Table1[[#This Row],[BookingDate]]) -> 2024 | Y46: =TEXT(Table1[[#This Row],[BookingDate]],"mmm") -> Jan | Z46: =TEXT(Table1[[#This Row],[BookingDate]],"mmm-yyy") -> Jan-2024 | AA46: =IF(Table1[[#This Row],[ResolutionHours]]="","Pending",IF(Table1[[#This Row],[ResolutionHours]]<=4,"0-4 Hours",IF(Table1[[#This Row],[ResolutionHours]]<=8,"5-8 Hours",IF(Table1[[#This Row],[ResolutionHours]]<=24,"9-24 Hours",IF(Table1[[#This Row],[ResolutionHours]]<=48,"25-48 Hours","48+ Hours"))))) -> 25-48 Hours | AB46: =IF(Table1[[#This Row],[ResolutionHours]]="","",Table1[[#This Row],[ResolutionHours]]-Table1[[#This Row],[SLATargetHours]]) -> -33.1
A47: PRM-0305 | B47: PRM | C47: 45303.615 | D47: P5 | E47: Recurring Application Issue | F47: Database | G47: PRM ticket requiring operational handling | H47: Closed | I47: Infrastructure Team | J47: Rohit | K47: 72 | L47: 4.13 | M47: 134.88 | N47: 45309.235 | O47: Breached | P47: 134.88 | Q47: High | R47: Europe | S47: Monitoring Alert | T47: User Error | U47: No | V47: No | W47: Breached | X47: =YEAR(Table1[[#This Row],[BookingDate]]) -> 2024 | Y47: =TEXT(Table1[[#This Row],[BookingDate]],"mmm") -> Jan | Z47: =TEXT(Table1[[#This Row],[BookingDate]],"mmm-yyy") -> Jan-2024 | AA47: =IF(Table1[[#This Row],[ResolutionHours]]="","Pending",IF(Table1[[#This Row],[ResolutionHours]]<=4,"0-4 Hours",IF(Table1[[#This Row],[ResolutionHours]]<=8,"5-8 Hours",IF(Table1[[#This Row],[ResolutionHours]]<=24,"9-24 Hours",IF(Table1[[#This Row],[ResolutionHours]]<=48,"25-48 Hours","48+ Hours"))))) -> 48+ Hours | AB47: =IF(Table1[[#This Row],[ResolutionHours]]="","",Table1[[#This Row],[ResolutionHours]]-Table1[[#This Row],[SLATargetHours]]) -> 62.88
A48: SRM-0317 | B48: SRM | C48: 45303.98 | D48: P4 | E48: Configuration Change | F48: Access | G48: SRM ticket requiring operational handling | H48: In Process | I48: Middleware Team | J48: Divya | K48: 48 | L48: 3.42 | O48: Pending | P48: 17232.48 | Q48: Medium | R48: UK | S48: Monitoring Alert | T48: Third-Party Dependency | U48: No | V48: Yes | W48: Pending | X48: =YEAR(Table1[[#This Row],[BookingDate]]) -> 2024 | Y48: =TEXT(Table1[[#This Row],[BookingDate]],"mmm") -> Jan | Z48: =TEXT(Table1[[#This Row],[BookingDate]],"mmm-yyy") -> Jan-2024 | AA48: =IF(Table1[[#This Row],[ResolutionHours]]="","Pending",IF(Table1[[#This Row],[ResolutionHours]]<=4,"0-4 Hours",IF(Table1[[#This Row],[ResolutionHours]]<=8,"5-8 Hours",IF(Table1[[#This Row],[ResolutionHours]]<=24,"9-24 Hours",IF(Table1[[#This Row],[ResolutionHours]]<=48,"25-48 Hours","48+ Hours"))))) -> Pending | AB48: =IF(Table1[[#This Row],[ResolutionHours]]="","",Table1[[#This Row],[ResolutionHours]]-Table1[[#This Row],[SLATargetHours]])
A49: SRM-0234 | B49: SRM | C49: 45304.31 | D49: P5 | E49: Report Request | F49: Middleware | G49: SRM ticket requiring operational handling | H49: Closed | I49: Infrastructure Team | J49: Anil | K49: 72 | L49: 2.67 | M49: 33.21 | N49: 45305.694 | O49: Met | P49: 33.21 | Q49: High | R49: APAC | S49: Service Desk | T49: Network Issue | U49: No | V49: No | W49: Met | X49: =YEAR(Table1[[#This Row],[BookingDate]]) -> 2024 | Y49: =TEXT(Table1[[#This Row],[BookingDate]],"mmm") -> Jan | Z49: =TEXT(Table1[[#This Row],[BookingDate]],"mmm-yyy") -> Jan-2024 | AA49: =IF(Table1[[#This Row],[ResolutionHours]]="","Pending",IF(Table1[[#This Row],[ResolutionHours]]<=4,"0-4 Hours",IF(Table1[[#This Row],[ResolutionHours]]<=8,"5-8 Hours",IF(Table1[[#This Row],[ResolutionHours]]<=24,"9-24 Hours",IF(Table1[[#This Row],[ResolutionHours]]<=48,"25-48 Hours","48+ Hours"))))) -> 25-48 Hours | AB49: =IF(Table1[[#This Row],[ResolutionHours]]="","",Table1[[#This Row],[ResolutionHours]]-Table1[[#This Row],[SLATargetHours]]) -> -38.79
A50: PRM-0717 | B50: PRM | C50: 45304.896 | D50: P5 | E50: Process Gap | F50: Security | G50: PRM ticket requiring operational handling | H50: In Process | I50: Database Team | J50: Sneha | K50: 72 | L50: 5.88 | O50: Pending | P50: 17210.51 | Q50: High | R50: Europe | S50: Email | T50: User Error | U50: No | V50: No | W50: Pending | X50: =YEAR(Table1[[#This Row],[BookingDate]]) -> 2024 | Y50: =TEXT(Table1[[#This Row],[BookingDate]],"mmm") -> Jan | Z50: =TEXT(Table1[[#This Row],[BookingDate]],"mmm-yyy") -> Jan-2024 | AA50: =IF(Table1[[#This Row],[ResolutionHours]]="","Pending",IF(Table1[[#This Row],[ResolutionHours]]<=4,"0-4 Hours",IF(Table1[[#This Row],[ResolutionHours]]<=8,"5-8 Hours",IF(Table1[[#This Row],[ResolutionHours]]<=24,"9-24 Hours",IF(Table1[[#This Row],[ResolutionHours]]<=48,"25-48 Hours","48+ Hours"))))) -> Pending | AB50: =IF(Table1[[#This Row],[ResolutionHours]]="","",Table1[[#This Row],[ResolutionHours]]-Table1[[#This Row],[SLATargetHours]])
A51: INM-0478 | B51: INM | C51: 45305.039 | D51: P1 | E51: Integration Failure | F51: Infrastructure | G51: INM ticket requiring operational handling | H51: Assigned | I51: Database Team | J51: Manoj | K51: 4 | L51: 0.36 | O51: Pending | P51: 17207.07 | Q51: Critical | R51: US | S51: Monitoring Alert | T51: Capacity Constraint | U51: No | V51: Yes | W51: Pending | X51: =YEAR(Table1[[#This Row],[BookingDate]]) -> 2024 | Y51: =TEXT(Table1[[#This Row],[BookingDate]],"mmm") -> Jan | Z51: =TEXT(Table1[[#This Row],[BookingDate]],"mmm-yyy") -> Jan-2024 | AA51: =IF(Table1[[#This Row],[ResolutionHours]]="","Pending",IF(Table1[[#This Row],[ResolutionHours]]<=4,"0-4 Hours",IF(Table1[[#This Row],[ResolutionHours]]<=8,"5-8 Hours",IF(Table1[[#This Row],[ResolutionHours]]<=24,"9-24 Hours",IF(Table1[[#This Row],[ResolutionHours]]<=48,"25-48 Hours","48+ Hours"))))) -> Pending | AB51: =IF(Table1[[#This Row],[ResolutionHours]]="","",Table1[[#This Row],[ResolutionHours]]-Table1[[#This Row],[SLATargetHours]])
A52: INM-0415 | B52: INM | C52: 45305.13 | D52: P3 | E52: Server Issue | F52: Database | G52: INM ticket requiring operational handling | H52: Noticed | I52: Middleware Team | J52: Asha | K52: 24 | L52: 1.65 | O52: Pending | P52: 17204.88 | Q52: Low | R52: US | S52: Portal | T52: User Error | U52: No | V52: No | W52: Pending | X52: =YEAR(Table1[[#This Row],[BookingDate]]) -> 2024 | Y52: =TEXT(Table1[[#This Row],[BookingDate]],"mmm") -> Jan | Z52: =TEXT(Table1[[#This Row],[BookingDate]],"mmm-yyy") -> Jan-2024 | AA52: =IF(Table1[[#This Row],[ResolutionHours]]="","Pending",IF(Table1[[#This Row],[ResolutionHours]]<=4,"0-4 Hours",IF(Table1[[#This Row],[ResolutionHours]]<=8,"5-8 Hours",IF(Table1[[#This Row],[ResolutionHours]]<=24,"9-24 Hours",IF(Table1[[#This Row],[ResolutionHours]]<=48,"25-48 Hours","48+ Hours"))))) -> Pending | AB52: =IF(Table1[[#This Row],[ResolutionHours]]="","",Table1[[#This Row],[ResolutionHours]]-Table1[[#This Row],[SLATargetHours]])
A53: INM-0233 | B53: INM | C53: 45306.272 | D53: P4 | E53: Certificate/TLS | F53: Security | G53: INM ticket requiring operational handling | H53: Assigned | I53: Middleware Team | J53: Kiran | K53: 48 | L53: 0.81 | O53: Pending | P53: 17177.47 | Q53: Low | R53: India | S53: Service Desk | T53: User Error | U53: No | V53: No | W53: Pending | X53: =YEAR(Table1[[#This Row],[BookingDate]]) -> 2024 | Y53: =TEXT(Table1[[#This Row],[BookingDate]],"mmm") -> Jan | Z53: =TEXT(Table1[[#This Row],[BookingDate]],"mmm-yyy") -> Jan-2024 | AA53: =IF(Table1[[#This Row],[ResolutionHours]]="","Pending",IF(Table1[[#This Row],[ResolutionHours]]<=4,"0-4 Hours",IF(Table1[[#This Row],[ResolutionHours]]<=8,"5-8 Hours",IF(Table1[[#This Row],[ResolutionHours]]<=24,"9-24 Hours",IF(Table1[[#This Row],[ResolutionHours]]<=48,"25-48 Hours","48+ Hours"))))) -> Pending | AB53: =IF(Table1[[#This Row],[ResolutionHours]]="","",Table1[[#This Row],[ResolutionHours]]-Table1[[#This Row],[SLATargetHours]])
A54: SRM-0020 | B54: SRM | C54: 45307.018 | D54: P4 | E54: Account Request | F54: Access | G54: SRM ticket requiring operational handling | H54: In Process | I54: Database Team | J54: Neha | K54: 48 | L54: 9.22 | O54: Pending | P54: 17159.56 | Q54: Low | R54: India | S54: Phone | T54: Application Defect | U54: No | V54: No | W54: Pending | X54: =YEAR(Table1[[#This Row],[BookingDate]]) -> 2024 | Y54: =TEXT(Table1[[#This Row],[BookingDate]],"mmm") -> Jan | Z54: =TEXT(Table1[[#This Row],[BookingDate]],"mmm-yyy") -> Jan-2024 | AA54: =IF(Table1[[#This Row],[ResolutionHours]]="","Pending",IF(Table1[[#This Row],[ResolutionHours]]<=4,"0-4 Hours",IF(Table1[[#This Row],[ResolutionHours]]<=8,"5-8 Hours",IF(Table1[[#This Row],[ResolutionHours]]<=24,"9-24 Hours",IF(Table1[[#This Row],[ResolutionHours]]<=48,"25-48 Hours","48+ Hours"))))) -> Pending | AB54: =IF(Table1[[#This Row],[ResolutionHours]]="","",Table1[[#This Row],[ResolutionHours]]-Table1[[#This Row],[SLATargetHours]])
A55: SRM-0538 | B55: SRM | C55: 45307.254 | D55: P4 | E55: Data Request | F55: Middleware | G55: SRM ticket requiring operational handling | H55: Noticed | I55: Service Desk | J55: Anil | K55: 48 | L55: 2.57 | O55: Pending | P55: 17153.9 | Q55: Medium | R55: Europe | S55: Service Desk | T55: User Error | U55: No | V55: No | W55: Pending | X55: =YEAR(Table1[[#This Row],[BookingDate]]) -> 2024 | Y55: =TEXT(Table1[[#This Row],[BookingDate]],"mmm") -> Jan | Z55: =TEXT(Table1[[#This Row],[BookingDate]],"mmm-yyy") -> Jan-2024 | AA55: =IF(Table1[[#This Row],[ResolutionHours]]="","Pending",IF(Table1[[#This Row],[ResolutionHours]]<=4,"0-4 Hours",IF(Table1[[#This Row],[ResolutionHours]]<=8,"5-8 Hours",IF(Table1[[#This Row],[ResolutionHours]]<=24,"9-24 Hours",IF(Table1[[#This Row],[ResolutionHours]]<=48,"25-48 Hours","48+ Hours"))))) -> Pending | AB55: =IF(Table1[[#This Row],[ResolutionHours]]="","",Table1[[#This Row],[ResolutionHours]]-Table1[[#This Row],[SLATargetHours]])
A56: INM-0540 | B56: INM | C56: 45307.459 | D56: P4 | E56: Server Issue | F56: Application | G56: INM ticket requiring operational handling | H56: Assigned | I56: Infrastructure Team | J56: Rohit | K56: 48 | L56: 3.37 | O56: Pending | P56: 17148.98 | Q56: High | R56: US | S56: Monitoring Alert | T56: Capacity Constraint | U56: No | V56: No | W56: Pending | X56: =YEAR(Table1[[#This Row],[BookingDate]]) -> 2024 | Y56: =TEXT(Table1[[#This Row],[BookingDate]],"mmm") -> Jan | Z56: =TEXT(Table1[[#This Row],[BookingDate]],"mmm-yyy") -> Jan-2024 | AA56: =IF(Table1[[#This Row],[ResolutionHours]]="","Pending",IF(Table1[[#This Row],[ResolutionHours]]<=4,"0-4 Hours",IF(Table1[[#This Row],[ResolutionHours]]<=8,"5-8 Hours",IF(Table1[[#This Row],[ResolutionHours]]<=24,"9-24 Hours",IF(Table1[[#This Row],[ResolutionHours]]<=48,"25-48 Hours","48+ Hours"))))) -> Pending | AB56: =IF(Table1[[#This Row],[ResolutionHours]]="","",Table1[[#This Row],[ResolutionHours]]-Table1[[#This Row],[SLATargetHours]])
A57: INM-0300 | B57: INM | C57: 45307.798 | D57: P3 | E57: Performance Issue | F57: Middleware | G57: INM ticket requiring operational handling | H57: Closed | I57: Database Team | J57: Kiran | K57: 24 | L57: 0.9 | M57: 14.94 | N57: 45308.421 | O57: Met | P57: 14.94 | Q57: Low | R57: India | S57: Portal | T57: Application Defect | U57: No | V57: No | W57: Met | X57: =YEAR(Table1[[#This Row],[BookingDate]]) -> 2024 | Y57: =TEXT(Table1[[#This Row],[BookingDate]],"mmm") -> Jan | Z57: =TEXT(Table1[[#This Row],[BookingDate]],"mmm-yyy") -> Jan-2024 | AA57: =IF(Table1[[#This Row],[ResolutionHours]]="","Pending",IF(Table1[[#This Row],[ResolutionHours]]<=4,"0-4 Hours",IF(Table1[[#This Row],[ResolutionHours]]<=8,"5-8 Hours",IF(Table1[[#This Row],[ResolutionHours]]<=24,"9-24 Hours",IF(Table1[[#This Row],[ResolutionHours]]<=48,"25-48 Hours","48+ Hours"))))) -> 9-24 Hours | AB57: =IF(Table1[[#This Row],[ResolutionHours]]="","",Table1[[#This Row],[ResolutionHours]]-Table1[[#This Row],[SLATargetHours]]) -> -9.06
A58: INM-0369 | B58: INM | C58: 45308.165 | D58: P3 | E58: Application Down | F58: Database | G58: INM ticket requiring operational handling | H58: Closed | I58: Middleware Team | J58: Asha | K58: 24 | L58: 2.24 | M58: 4.98 | N58: 45308.373 | O58: Met | P58: 4.98 | Q58: Low | R58: US | S58: Monitoring Alert | T58: Certificate Expiry | U58: No | V58: Yes | W58: Met | X58: =YEAR(Table1[[#This Row],[BookingDate]]) -> 2024 | Y58: =TEXT(Table1[[#This Row],[BookingDate]],"mmm") -> Jan | Z58: =TEXT(Table1[[#This Row],[BookingDate]],"mmm-yyy") -> Jan-2024 | AA58: =IF(Table1[[#This Row],[ResolutionHours]]="","Pending",IF(Table1[[#This Row],[ResolutionHours]]<=4,"0-4 Hours",IF(Table1[[#This Row],[ResolutionHours]]<=8,"5-8 Hours",IF(Table1[[#This Row],[ResolutionHours]]<=24,"9-24 Hours",IF(Table1[[#This Row],[ResolutionHours]]<=48,"25-48 Hours","48+ Hours"))))) -> 5-8 Hours | AB58: =IF(Table1[[#This Row],[ResolutionHours]]="","",Table1[[#This Row],[ResolutionHours]]-Table1[[#This Row],[SLATargetHours]]) -> -19.02
A59: PRM-0750 | B59: PRM | C59: 45308.223 | D59: P4 | E59: Capacity Problem | F59: Database | G59: PRM ticket requiring operational handling | H59: In Process | I59: Security Team | J59: Rahul | K59: 48 | L59: 1.86 | O59: Pending | P59: 17130.65 | Q59: High | R59: UK | S59: Service Desk | T59: Unknown | U59: No | V59: No | W59: Pending | X59: =YEAR(Table1[[#This Row],[BookingDate]]) -> 2024 | Y59: =TEXT(Table1[[#This Row],[BookingDate]],"mmm") -> Jan | Z59: =TEXT(Table1[[#This Row],[BookingDate]],"mmm-yyy") -> Jan-2024 | AA59: =IF(Table1[[#This Row],[ResolutionHours]]="","Pending",IF(Table1[[#This Row],[ResolutionHours]]<=4,"0-4 Hours",IF(Table1[[#This Row],[ResolutionHours]]<=8,"5-8 Hours",IF(Table1[[#This Row],[ResolutionHours]]<=24,"9-24 Hours",IF(Table1[[#This Row],[ResolutionHours]]<=48,"25-48 Hours","48+ Hours"))))) -> Pending | AB59: =IF(Table1[[#This Row],[ResolutionHours]]="","",Table1[[#This Row],[ResolutionHours]]-Table1[[#This Row],[SLATargetHours]])
A60: INM-0170 | B60: INM | C60: 45308.603 | D60: P3 | E60: Application Down | F60: Reporting | G60: INM ticket requiring operational handling | H60: In Process | I60: Infrastructure Team | J60: Ravi | K60: 24 | L60: 1.98 | O60: Pending | P60: 17121.54 | Q60: Low | R60: Europe | S60: Email | T60: Unknown | U60: No | V60: No | W60: Pending | X60: =YEAR(Table1[[#This Row],[BookingDate]]) -> 2024 | Y60: =TEXT(Table1[[#This Row],[BookingDate]],"mmm") -> Jan | Z60: =TEXT(Table1[[#This Row],[BookingDate]],"mmm-yyy") -> Jan-2024 | AA60: =IF(Table1[[#This Row],[ResolutionHours]]="","Pending",IF(Table1[[#This Row],[ResolutionHours]]<=4,"0-4 Hours",IF(Table1[[#This Row],[ResolutionHours]]<=8,"5-8 Hours",IF(Table1[[#This Row],[ResolutionHours]]<=24,"9-24 Hours",IF(Table1[[#This Row],[ResolutionHours]]<=48,"25-48 Hours","48+ Hours"))))) -> Pending | AB60: =IF(Table1[[#This Row],[ResolutionHours]]="","",Table1[[#This Row],[ResolutionHours]]-Table1[[#This Row],[SLATargetHours]])
A61: INM-0272 | B61: INM | C61: 45308.67 | D61: P4 | E61: Server Issue | F61: Security | G61: INM ticket requiring operational handling | H61: Closed | I61: Security Team | J61: Asha | K61: 48 | L61: 1.83 | M61: 74.69 | N61: 45311.782 | O61: Breached | P61: 74.69 | Q61: Low | R61: Europe | S61: Email | T61: Application Defect | U61: No | V61: No | W61: Breached | X61: =YEAR(Table1[[#This Row],[BookingDate]]) -> 2024 | Y61: =TEXT(Table1[[#This Row],[BookingDate]],"mmm") -> Jan | Z61: =TEXT(Table1[[#This Row],[BookingDate]],"mmm-yyy") -> Jan-2024 | AA61: =IF(Table1[[#This Row],[ResolutionHours]]="","Pending",IF(Table1[[#This Row],[ResolutionHours]]<=4,"0-4 Hours",IF(Table1[[#This Row],[ResolutionHours]]<=8,"5-8 Hours",IF(Table1[[#This Row],[ResolutionHours]]<=24,"9-24 Hours",IF(Table1[[#This Row],[ResolutionHours]]<=48,"25-48 Hours","48+ Hours"))))) -> 48+ Hours | AB61: =IF(Table1[[#This Row],[ResolutionHours]]="","",Table1[[#This Row],[ResolutionHours]]-Table1[[#This Row],[SLATargetHours]]) -> 26.69
A62: SRM-0778 | B62: SRM | C62: 45309.011 | D62: P5 | E62: Data Request | F62: Application | G62: SRM ticket requiring operational handling | H62: Closed | I62: Service Desk | J62: Vikram | K62: 72 | L62: 12.48 | M62: 23.05 | N62: 45309.971 | O62: Met | P62: 23.05 | Q62: Medium | R62: UK | S62: Service Desk | T62: Configuration Error | U62: No | V62: No | W62: Met | X62: =YEAR(Table1[[#This Row],[BookingDate]]) -> 2024 | Y62: =TEXT(Table1[[#This Row],[BookingDate]],"mmm") -> Jan | Z62: =TEXT(Table1[[#This Row],[BookingDate]],"mmm-yyy") -> Jan-2024 | AA62: =IF(Table1[[#This Row],[ResolutionHours]]="","Pending",IF(Table1[[#This Row],[ResolutionHours]]<=4,"0-4 Hours",IF(Table1[[#This Row],[ResolutionHours]]<=8,"5-8 Hours",IF(Table1[[#This Row],[ResolutionHours]]<=24,"9-24 Hours",IF(Table1[[#This Row],[ResolutionHours]]<=48,"25-48 Hours","48+ Hours"))))) -> 9-24 Hours | AB62: =IF(Table1[[#This Row],[ResolutionHours]]="","",Table1[[#This Row],[ResolutionHours]]-Table1[[#This Row],[SLATargetHours]]) -> -48.95
A63: INM-0821 | B63: INM | C63: 45309.52 | D63: P2 | E63: Integration Failure | F63: Middleware | G63: INM ticket requiring operational handling | H63: In Process | I63: Service Desk | J63: Meera | K63: 8 | L63: 0.1 | O63: Pending | P63: 17099.53 | Q63: High | R63: UK | S63: Service Desk | T63: Network Issue | U63: No | V63: Yes | W63: Pending | X63: =YEAR(Table1[[#This Row],[BookingDate]]) -> 2024 | Y63: =TEXT(Table1[[#This Row],[BookingDate]],"mmm") -> Jan | Z63: =TEXT(Table1[[#This Row],[BookingDate]],"mmm-yyy") -> Jan-2024 | AA63: =IF(Table1[[#This Row],[ResolutionHours]]="","Pending",IF(Table1[[#This Row],[ResolutionHours]]<=4,"0-4 Hours",IF(Table1[[#This Row],[ResolutionHours]]<=8,"5-8 Hours",IF(Table1[[#This Row],[ResolutionHours]]<=24,"9-24 Hours",IF(Table1[[#This Row],[ResolutionHours]]<=48,"25-48 Hours","48+ Hours"))))) -> Pending | AB63: =IF(Table1[[#This Row],[ResolutionHours]]="","",Table1[[#This Row],[ResolutionHours]]-Table1[[#This Row],[SLATargetHours]])
A64: PRM-0676 | B64: PRM | C64: 45309.797 | D64: P1 | E64: Capacity Problem | F64: Security | G64: PRM ticket requiring operational handling | H64: Closed | I64: Infrastructure Team | J64: Anil | K64: 4 | L64: 0.41 | M64: 2.5 | N64: 45309.901 | O64: Met | P64: 2.5 | Q64: Critical | R64: Europe | S64: Email | T64: User Error | U64: No | V64: Yes | W64: Met | X64: =YEAR(Table1[[#This Row],[BookingDate]]) -> 2024 | Y64: =TEXT(Table1[[#This Row],[BookingDate]],"mmm") -> Jan | Z64: =TEXT(Table1[[#This Row],[BookingDate]],"mmm-yyy") -> Jan-2024 | AA64: =IF(Table1[[#This Row],[ResolutionHours]]="","Pending",IF(Table1[[#This Row],[ResolutionHours]]<=4,"0-4 Hours",IF(Table1[[#This Row],[ResolutionHours]]<=8,"5-8 Hours",IF(Table1[[#This Row],[ResolutionHours]]<=24,"9-24 Hours",IF(Table1[[#This Row],[ResolutionHours]]<=48,"25-48 Hours","48+ Hours"))))) -> 0-4 Hours | AB64: =IF(Table1[[#This Row],[ResolutionHours]]="","",Table1[[#This Row],[ResolutionHours]]-Table1[[#This Row],[SLATargetHours]]) -> -1.5
A65: SRM-0405 | B65: SRM | C65: 45309.975 | D65: P4 | E65: Report Request | F65: Access | G65: SRM ticket requiring operational handling | H65: In Process | I65: Middleware Team | J65: Neha | K65: 48 | L65: 3.68 | O65: Pending | P65: 17088.59 | Q65: High | R65: Europe | S65: Phone | T65: Third-Party Dependency | U65: No | V65: No | W65: Pending | X65: =YEAR(Table1[[#This Row],[BookingDate]]) -> 2024 | Y65: =TEXT(Table1[[#This Row],[BookingDate]],"mmm") -> Jan | Z65: =TEXT(Table1[[#This Row],[BookingDate]],"mmm-yyy") -> Jan-2024 | AA65: =IF(Table1[[#This Row],[ResolutionHours]]="","Pending",IF(Table1[[#This Row],[ResolutionHours]]<=4,"0-4 Hours",IF(Table1[[#This Row],[ResolutionHours]]<=8,"5-8 Hours",IF(Table1[[#This Row],[ResolutionHours]]<=24,"9-24 Hours",IF(Table1[[#This Row],[ResolutionHours]]<=48,"25-48 Hours","48+ Hours"))))) -> Pending | AB65: =IF(Table1[[#This Row],[ResolutionHours]]="","",Table1[[#This Row],[ResolutionHours]]-Table1[[#This Row],[SLATargetHours]])
A66: INM-0454 | B66: INM | C66: 45310.172 | D66: P4 | E66: Certificate/TLS | F66: Database | G66: INM ticket requiring operational handling | H66: Closed | I66: Security Team | J66: Arjun | K66: 48 | L66: 4.73 | M66: 13.5 | N66: 45310.735 | O66: Met | P66: 13.5 | Q66: High | R66: APAC | S66: Portal | T66: Certificate Expiry | U66: No | V66: No | W66: Met | X66: =YEAR(Table1[[#This Row],[BookingDate]]) -> 2024 | Y66: =TEXT(Table1[[#This Row],[BookingDate]],"mmm") -> Jan | Z66: =TEXT(Table1[[#This Row],[BookingDate]],"mmm-yyy") -> Jan-2024 | AA66: =IF(Table1[[#This Row],[ResolutionHours]]="","Pending",IF(Table1[[#This Row],[ResolutionHours]]<=4,"0-4 Hours",IF(Table1[[#This Row],[ResolutionHours]]<=8,"5-8 Hours",IF(Table1[[#This Row],[ResolutionHours]]<=24,"9-24 Hours",IF(Table1[[#This Row],[ResolutionHours]]<=48,"25-48 Hours","48+ Hours"))))) -> 9-24 Hours | AB66: =IF(Table1[[#This Row],[ResolutionHours]]="","",Table1[[#This Row],[ResolutionHours]]-Table1[[#This Row],[SLATargetHours]]) -> -34.5
A67: INM-0429 | B67: INM | C67: 45310.349 | D67: P3 | E67: Database Issue | F67: Application | G67: INM ticket requiring operational handling | H67: Closed | I67: Security Team | J67: Anil | K67: 24 | L67: 1.47 | M67: 8.28 | N67: 45310.694 | O67: Met | P67: 8.28 | Q67: High | R67: Europe | S67: Service Desk | T67: Infrastructure Failure | U67: No | V67: No | W67: Met | X67: =YEAR(Table1[[#This Row],[BookingDate]]) -> 2024 | Y67: =TEXT(Table1[[#This Row],[BookingDate]],"mmm") -> Jan | Z67: =TEXT(Table1[[#This Row],[BookingDate]],"mmm-yyy") -> Jan-2024 | AA67: =IF(Table1[[#This Row],[ResolutionHours]]="","Pending",IF(Table1[[#This Row],[ResolutionHours]]<=4,"0-4 Hours",IF(Table1[[#This Row],[ResolutionHours]]<=8,"5-8 Hours",IF(Table1[[#This Row],[ResolutionHours]]<=24,"9-24 Hours",IF(Table1[[#This Row],[ResolutionHours]]<=48,"25-48 Hours","48+ Hours"))))) -> 9-24 Hours | AB67: =IF(Table1[[#This Row],[ResolutionHours]]="","",Table1[[#This Row],[ResolutionHours]]-Table1[[#This Row],[SLATargetHours]]) -> -15.72
A68: PRM-0376 | B68: PRM | C68: 45310.384 | D68: P5 | E68: Process Gap | F68: Database | G68: PRM ticket requiring operational handling | H68: Closed | I68: Database Team | J68: Arjun | K68: 72 | L68: 3.56 | M68: 161.36 | N68: 45317.108 | O68: Breached | P68: 161.36 | Q68: Medium | R68: India | S68: Email | T68: Infrastructure Failure | U68: No | V68: No | W68: Breached | X68: =YEAR(Table1[[#This Row],[BookingDate]]) -> 2024 | Y68: =TEXT(Table1[[#This Row],[BookingDate]],"mmm") -> Jan | Z68: =TEXT(Table1[[#This Row],[BookingDate]],"mmm-yyy") -> Jan-2024 | AA68: =IF(Table1[[#This Row],[ResolutionHours]]="","Pending",IF(Table1[[#This Row],[ResolutionHours]]<=4,"0-4 Hours",IF(Table1[[#This Row],[ResolutionHours]]<=8,"5-8 Hours",IF(Table1[[#This Row],[ResolutionHours]]<=24,"9-24 Hours",IF(Table1[[#This Row],[ResolutionHours]]<=48,"25-48 Hours","48+ Hours"))))) -> 48+ Hours | AB68: =IF(Table1[[#This Row],[ResolutionHours]]="","",Table1[[#This Row],[ResolutionHours]]-Table1[[#This Row],[SLATargetHours]]) -> 89.36
A69: PRM-0731 | B69: PRM | C69: 45311.483 | D69: P2 | E69: Infrastructure Root Cause | F69: Middleware | G69: PRM ticket requiring operational handling | H69: Closed | I69: Security Team | J69: Ravi | K69: 8 | L69: 1.17 | M69: 6.59 | N69: 45311.758 | O69: Met | P69: 6.59 | Q69: High | R69: Europe | S69: Phone | T69: Capacity Constraint | U69: No | V69: No | W69: Met | X69: =YEAR(Table1[[#This Row],[BookingDate]]) -> 2024 | Y69: =TEXT(Table1[[#This Row],[BookingDate]],"mmm") -> Jan | Z69: =TEXT(Table1[[#This Row],[BookingDate]],"mmm-yyy") -> Jan-2024 | AA69: =IF(Table1[[#This Row],[ResolutionHours]]="","Pending",IF(Table1[[#This Row],[ResolutionHours]]<=4,"0-4 Hours",IF(Table1[[#This Row],[ResolutionHours]]<=8,"5-8 Hours",IF(Table1[[#This Row],[ResolutionHours]]<=24,"9-24 Hours",IF(Table1[[#This Row],[ResolutionHours]]<=48,"25-48 Hours","48+ Hours"))))) -> 5-8 Hours | AB69: =IF(Table1[[#This Row],[ResolutionHours]]="","",Table1[[#This Row],[ResolutionHours]]-Table1[[#This Row],[SLATargetHours]]) -> -1.41
A70: SRM-0013 | B70: SRM | C70: 45311.559 | D70: P3 | E70: Configuration Change | F70: Application | G70: SRM ticket requiring operational handling | H70: Assigned | I70: Service Desk | J70: Ravi | K70: 24 | L70: 6.01 | O70: Pending | P70: 17050.58 | Q70: Medium | R70: US | S70: Service Desk | T70: Unknown | U70: No | V70: No | W70: Pending | X70: =YEAR(Table1[[#This Row],[BookingDate]]) -> 2024 | Y70: =TEXT(Table1[[#This Row],[BookingDate]],"mmm") -> Jan | Z70: =TEXT(Table1[[#This Row],[BookingDate]],"mmm-yyy") -> Jan-2024 | AA70: =IF(Table1[[#This Row],[ResolutionHours]]="","Pending",IF(Table1[[#This Row],[ResolutionHours]]<=4,"0-4 Hours",IF(Table1[[#This Row],[ResolutionHours]]<=8,"5-8 Hours",IF(Table1[[#This Row],[ResolutionHours]]<=24,"9-24 Hours",IF(Table1[[#This Row],[ResolutionHours]]<=48,"25-48 Hours","48+ Hours"))))) -> Pending | AB70: =IF(Table1[[#This Row],[ResolutionHours]]="","",Table1[[#This Row],[ResolutionHours]]-Table1[[#This Row],[SLATargetHours]])
A71: SRM-0693 | B71: SRM | C71: 45311.927 | D71: P4 | E71: New User Setup | F71: Infrastructure | G71: SRM ticket requiring operational handling | H71: Closed | I71: Service Desk | J71: Manoj | K71: 48 | L71: 1.24 | M71: 16.45 | N71: 45312.613 | O71: Met | P71: 16.45 | Q71: Low | R71: Europe | S71: Portal | T71: Network Issue | U71: No | V71: Yes | W71: Met | X71: =YEAR(Table1[[#This Row],[BookingDate]]) -> 2024 | Y71: =TEXT(Table1[[#This Row],[BookingDate]],"mmm") -> Jan | Z71: =TEXT(Table1[[#This Row],[BookingDate]],"mmm-yyy") -> Jan-2024 | AA71: =IF(Table1[[#This Row],[ResolutionHours]]="","Pending",IF(Table1[[#This Row],[ResolutionHours]]<=4,"0-4 Hours",IF(Table1[[#This Row],[ResolutionHours]]<=8,"5-8 Hours",IF(Table1[[#This Row],[ResolutionHours]]<=24,"9-24 Hours",IF(Table1[[#This Row],[ResolutionHours]]<=48,"25-48 Hours","48+ Hours"))))) -> 9-24 Hours | AB71: =IF(Table1[[#This Row],[ResolutionHours]]="","",Table1[[#This Row],[ResolutionHours]]-Table1[[#This Row],[SLATargetHours]]) -> -31.55
A72: PRM-0015 | B72: PRM | C72: 45312.302 | D72: P4 | E72: Recurring Application Issue | F72: Infrastructure | G72: PRM ticket requiring operational handling | H72: Closed | I72: Infrastructure Team | J72: Rahul | K72: 48 | L72: 5.16 | M72: 31.2 | N72: 45313.601 | O72: Met | P72: 31.2 | Q72: High | R72: Europe | S72: Portal | T72: Third-Party Dependency | U72: No | V72: No | W72: Met | X72: =YEAR(Table1[[#This Row],[BookingDate]]) -> 2024 | Y72: =TEXT(Table1[[#This Row],[BookingDate]],"mmm") -> Jan | Z72: =TEXT(Table1[[#This Row],[BookingDate]],"mmm-yyy") -> Jan-2024 | AA72: =IF(Table1[[#This Row],[ResolutionHours]]="","Pending",IF(Table1[[#This Row],[ResolutionHours]]<=4,"0-4 Hours",IF(Table1[[#This Row],[ResolutionHours]]<=8,"5-8 Hours",IF(Table1[[#This Row],[ResolutionHours]]<=24,"9-24 Hours",IF(Table1[[#This Row],[ResolutionHours]]<=48,"25-48 Hours","48+ Hours"))))) -> 25-48 Hours | AB72: =IF(Table1[[#This Row],[ResolutionHours]]="","",Table1[[#This Row],[ResolutionHours]]-Table1[[#This Row],[SLATargetHours]]) -> -16.8
A73: SRM-0849 | B73: SRM | C73: 45312.368 | D73: P4 | E73: Data Request | F73: Reporting | G73: SRM ticket requiring operational handling | H73: In Process | I73: Service Desk | J73: Swati | K73: 48 | L73: 7.34 | O73: Pending | P73: 17031.16 | Q73: High | R73: India | S73: Service Desk | T73: Application Defect | U73: No | V73: No | W73: Pending | X73: =YEAR(Table1[[#This Row],[BookingDate]]) -> 2024 | Y73: =TEXT(Table1[[#This Row],[BookingDate]],"mmm") -> Jan | Z73: =TEXT(Table1[[#This Row],[BookingDate]],"mmm-yyy") -> Jan-2024 | AA73: =IF(Table1[[#This Row],[ResolutionHours]]="","Pending",IF(Table1[[#This Row],[ResolutionHours]]<=4,"0-4 Hours",IF(Table1[[#This Row],[ResolutionHours]]<=8,"5-8 Hours",IF(Table1[[#This Row],[ResolutionHours]]<=24,"9-24 Hours",IF(Table1[[#This Row],[ResolutionHours]]<=48,"25-48 Hours","48+ Hours"))))) -> Pending | AB73: =IF(Table1[[#This Row],[ResolutionHours]]="","",Table1[[#This Row],[ResolutionHours]]-Table1[[#This Row],[SLATargetHours]])
A74: SRM-0179 | B74: SRM | C74: 45312.433 | D74: P4 | E74: Data Request | F74: Reporting | G74: SRM ticket requiring operational handling | H74: In Process | I74: Database Team | J74: Suresh | K74: 48 | L74: 5.64 | O74: Pending | P74: 17029.61 | Q74: Medium | R74: US | S74: Portal | T74: Infrastructure Failure | U74: No | V74: No | W74: Pending | X74: =YEAR(Table1[[#This Row],[BookingDate]]) -> 2024 | Y74: =TEXT(Table1[[#This Row],[BookingDate]],"mmm") -> Jan | Z74: =TEXT(Table1[[#This Row],[BookingDate]],"mmm-yyy") -> Jan-2024 | AA74: =IF(Table1[[#This Row],[ResolutionHours]]="","Pending",IF(Table1[[#This Row],[ResolutionHours]]<=4,"0-4 Hours",IF(Table1[[#This Row],[ResolutionHours]]<=8,"5-8 Hours",IF(Table1[[#This Row],[ResolutionHours]]<=24,"9-24 Hours",IF(Table1[[#This Row],[ResolutionHours]]<=48,"25-48 Hours","48+ Hours"))))) -> Pending | AB74: =IF(Table1[[#This Row],[ResolutionHours]]="","",Table1[[#This Row],[ResolutionHours]]-Table1[[#This Row],[SLATargetHours]])
A75: PRM-0478 | B75: PRM | C75: 45312.66 | D75: P3 | E75: Capacity Problem | F75: Middleware | G75: PRM ticket requiring operational handling | H75: In Process | I75: App Support | J75: Divya | K75: 24 | L75: 1.96 | O75: Pending | P75: 17024.16 | Q75: Low | R75: APAC | S75: Service Desk | T75: Third-Party Dependency | U75: No | V75: No | W75: Pending | X75: =YEAR(Table1[[#This Row],[BookingDate]]) -> 2024 | Y75: =TEXT(Table1[[#This Row],[BookingDate]],"mmm") -> Jan | Z75: =TEXT(Table1[[#This Row],[BookingDate]],"mmm-yyy") -> Jan-2024 | AA75: =IF(Table1[[#This Row],[ResolutionHours]]="","Pending",IF(Table1[[#This Row],[ResolutionHours]]<=4,"0-4 Hours",IF(Table1[[#This Row],[ResolutionHours]]<=8,"5-8 Hours",IF(Table1[[#This Row],[ResolutionHours]]<=24,"9-24 Hours",IF(Table1[[#This Row],[ResolutionHours]]<=48,"25-48 Hours","48+ Hours"))))) -> Pending | AB75: =IF(Table1[[#This Row],[ResolutionHours]]="","",Table1[[#This Row],[ResolutionHours]]-Table1[[#This Row],[SLATargetHours]])
A76: PRM-0933 | B76: PRM | C76: 45313.087 | D76: P2 | E76: Recurring Application Issue | F76: Middleware | G76: PRM ticket requiring operational handling | H76: Closed | I76: Security Team | J76: Nisha | K76: 8 | L76: 0.84 | M76: 4.79 | N76: 45313.287 | O76: Met | P76: 4.79 | Q76: High | R76: US | S76: Phone | T76: Infrastructure Failure | U76: No | V76: No | W76: Met | X76: =YEAR(Table1[[#This Row],[BookingDate]]) -> 2024 | Y76: =TEXT(Table1[[#This Row],[BookingDate]],"mmm") -> Jan | Z76: =TEXT(Table1[[#This Row],[BookingDate]],"mmm-yyy") -> Jan-2024 | AA76: =IF(Table1[[#This Row],[ResolutionHours]]="","Pending",IF(Table1[[#This Row],[ResolutionHours]]<=4,"0-4 Hours",IF(Table1[[#This Row],[ResolutionHours]]<=8,"5-8 Hours",IF(Table1[[#This Row],[ResolutionHours]]<=24,"9-24 Hours",IF(Table1[[#This Row],[ResolutionHours]]<=48,"25-48 Hours","48+ Hours"))))) -> 5-8 Hours | AB76: =IF(Table1[[#This Row],[ResolutionHours]]="","",Table1[[#This Row],[ResolutionHours]]-Table1[[#This Row],[SLATargetHours]]) -> -3.21
A77: INM-0830 | B77: INM | C77: 45313.199 | D77: P3 | E77: Database Issue | F77: Reporting | G77: INM ticket requiring operational handling | H77: Closed | I77: App Support | J77: Swati | K77: 24 | L77: 4.17 | M77: 9.45 | N77: 45313.592 | O77: Met | P77: 9.45 | Q77: Low | R77: APAC | S77: Email | T77: Application Defect | U77: No | V77: No | W77: Met | X77: =YEAR(Table1[[#This Row],[BookingDate]]) -> 2024 | Y77: =TEXT(Table1[[#This Row],[BookingDate]],"mmm") -> Jan | Z77: =TEXT(Table1[[#This Row],[BookingDate]],"mmm-yyy") -> Jan-2024 | AA77: =IF(Table1[[#This Row],[ResolutionHours]]="","Pending",IF(Table1[[#This Row],[ResolutionHours]]<=4,"0-4 Hours",IF(Table1[[#This Row],[ResolutionHours]]<=8,"5-8 Hours",IF(Table1[[#This Row],[ResolutionHours]]<=24,"9-24 Hours",IF(Table1[[#This Row],[ResolutionHours]]<=48,"25-48 Hours","48+ Hours"))))) -> 9-24 Hours | AB77: =IF(Table1[[#This Row],[ResolutionHours]]="","",Table1[[#This Row],[ResolutionHours]]-Table1[[#This Row],[SLATargetHours]]) -> -14.55
A78: SRM-0722 | B78: SRM | C78: 45313.385 | D78: P4 | E78: New User Setup | F78: Reporting | G78: SRM ticket requiring operational handling | H78: Closed | I78: Middleware Team | J78: Priya | K78: 48 | L78: 3.28 | M78: 86.75 | N78: 45316.999 | O78: Breached | P78: 86.75 | Q78: High | R78: India | S78: Portal | T78: User Error | U78: No | V78: No | W78: Breached | X78: =YEAR(Table1[[#This Row],[BookingDate]]) -> 2024 | Y78: =TEXT(Table1[[#This Row],[BookingDate]],"mmm") -> Jan | Z78: =TEXT(Table1[[#This Row],[BookingDate]],"mmm-yyy") -> Jan-2024 | AA78: =IF(Table1[[#This Row],[ResolutionHours]]="","Pending",IF(Table1[[#This Row],[ResolutionHours]]<=4,"0-4 Hours",IF(Table1[[#This Row],[ResolutionHours]]<=8,"5-8 Hours",IF(Table1[[#This Row],[ResolutionHours]]<=24,"9-24 Hours",IF(Table1[[#This Row],[ResolutionHours]]<=48,"25-48 Hours","48+ Hours"))))) -> 48+ Hours | AB78: =IF(Table1[[#This Row],[ResolutionHours]]="","",Table1[[#This Row],[ResolutionHours]]-Table1[[#This Row],[SLATargetHours]]) -> 38.75
A79: PRM-0363 | B79: PRM | C79: 45313.629 | D79: P4 | E79: Capacity Problem | F79: Database | G79: PRM ticket requiring operational handling | H79: Closed | I79: Database Team | J79: Manoj | K79: 48 | L79: 6.18 | M79: 26.75 | N79: 45314.744 | O79: Met | P79: 26.75 | Q79: High | R79: India | S79: Phone | T79: Configuration Error | U79: No | V79: No | W79: Met | X79: =YEAR(Table1[[#This Row],[BookingDate]]) -> 2024 | Y79: =TEXT(Table1[[#This Row],[BookingDate]],"mmm") -> Jan | Z79: =TEXT(Table1[[#This Row],[BookingDate]],"mmm-yyy") -> Jan-2024 | AA79: =IF(Table1[[#This Row],[ResolutionHours]]="","Pending",IF(Table1[[#This Row],[ResolutionHours]]<=4,"0-4 Hours",IF(Table1[[#This Row],[ResolutionHours]]<=8,"5-8 Hours",IF(Table1[[#This Row],[ResolutionHours]]<=24,"9-24 Hours",IF(Table1[[#This Row],[ResolutionHours]]<=48,"25-48 Hours","48+ Hours"))))) -> 25-48 Hours | AB79: =IF(Table1[[#This Row],[ResolutionHours]]="","",Table1[[#This Row],[ResolutionHours]]-Table1[[#This Row],[SLATargetHours]]) -> -21.25
A80: SRM-0121 | B80: SRM | C80: 45314.217 | D80: P4 | E80: Software Installation | F80: Reporting | G80: SRM ticket requiring operational handling | H80: Closed | I80: Database Team | J80: Vikram | K80: 48 | L80: 3.41 | M80: 11.88 | N80: 45314.712 | O80: Met | P80: 11.88 | Q80: Low | R80: US | S80: Service Desk | T80: Third-Party Dependency | U80: No | V80: No | W80: Met | X80: =YEAR(Table1[[#This Row],[BookingDate]]) -> 2024 | Y80: =TEXT(Table1[[#This Row],[BookingDate]],"mmm") -> Jan | Z80: =TEXT(Table1[[#This Row],[BookingDate]],"mmm-yyy") -> Jan-2024 | AA80: =IF(Table1[[#This Row],[ResolutionHours]]="","Pending",IF(Table1[[#This Row],[ResolutionHours]]<=4,"0-4 Hours",IF(Table1[[#This Row],[ResolutionHours]]<=8,"5-8 Hours",IF(Table1[[#This Row],[ResolutionHours]]<=24,"9-24 Hours",IF(Table1[[#This Row],[ResolutionHours]]<=48,"25-48 Hours","48+ Hours"))))) -> 9-24 Hours | AB80: =IF(Table1[[#This Row],[ResolutionHours]]="","",Table1[[#This Row],[ResolutionHours]]-Table1[[#This Row],[SLATargetHours]]) -> -36.12
A81: INM-0138 | B81: INM | C81: 45314.528 | D81: P1 | E81: Database Issue | F81: Application | G81: INM ticket requiring operational handling | H81: Closed | I81: Security Team | J81: Neha | K81: 4 | L81: 0.14 | M81: 6.6 | N81: 45314.803 | O81: Breached | P81: 6.6 | Q81: Critical | R81: US | S81: Portal | T81: Infrastructure Failure | U81: No | V81: Yes | W81: Breached | X81: =YEAR(Table1[[#This Row],[BookingDate]]) -> 2024 | Y81: =TEXT(Table1[[#This Row],[BookingDate]],"mmm") -> Jan | Z81: =TEXT(Table1[[#This Row],[BookingDate]],"mmm-yyy") -> Jan-2024 | AA81: =IF(Table1[[#This Row],[ResolutionHours]]="","Pending",IF(Table1[[#This Row],[ResolutionHours]]<=4,"0-4 Hours",IF(Table1[[#This Row],[ResolutionHours]]<=8,"5-8 Hours",IF(Table1[[#This Row],[ResolutionHours]]<=24,"9-24 Hours",IF(Table1[[#This Row],[ResolutionHours]]<=48,"25-48 Hours","48+ Hours"))))) -> 5-8 Hours | AB81: =IF(Table1[[#This Row],[ResolutionHours]]="","",Table1[[#This Row],[ResolutionHours]]-Table1[[#This Row],[SLATargetHours]]) -> 2.6
A82: SRM-0687 | B82: SRM | C82: 45314.607 | D82: P4 | E82: Report Request | F82: Database | G82: SRM ticket requiring operational handling | H82: Closed | I82: App Support | J82: Rohit | K82: 48 | L82: 9.35 | M82: 130.94 | N82: 45320.063 | O82: Breached | P82: 130.94 | Q82: High | R82: Europe | S82: Monitoring Alert | T82: Third-Party Dependency | U82: No | V82: No | W82: Breached | X82: =YEAR(Table1[[#This Row],[BookingDate]]) -> 2024 | Y82: =TEXT(Table1[[#This Row],[BookingDate]],"mmm") -> Jan | Z82: =TEXT(Table1[[#This Row],[BookingDate]],"mmm-yyy") -> Jan-2024 | AA82: =IF(Table1[[#This Row],[ResolutionHours]]="","Pending",IF(Table1[[#This Row],[ResolutionHours]]<=4,"0-4 Hours",IF(Table1[[#This Row],[ResolutionHours]]<=8,"5-8 Hours",IF(Table1[[#This Row],[ResolutionHours]]<=24,"9-24 Hours",IF(Table1[[#This Row],[ResolutionHours]]<=48,"25-48 Hours","48+ Hours"))))) -> 48+ Hours | AB82: =IF(Table1[[#This Row],[ResolutionHours]]="","",Table1[[#This Row],[ResolutionHours]]-Table1[[#This Row],[SLATargetHours]]) -> 82.94
A83: SRM-0851 | B83: SRM | C83: 45315.126 | D83: P4 | E83: Configuration Change | F83: Database | G83: SRM ticket requiring operational handling | H83: Answered | I83: Middleware Team | J83: Kiran | K83: 48 | L83: 2.23 | M83: 40.67 | N83: 45316.82 | O83: Met | P83: 40.67 | Q83: Medium | R83: India | S83: Phone | T83: Configuration Error | U83: No | V83: No | W83: Met | X83: =YEAR(Table1[[#This Row],[BookingDate]]) -> 2024 | Y83: =TEXT(Table1[[#This Row],[BookingDate]],"mmm") -> Jan | Z83: =TEXT(Table1[[#This Row],[BookingDate]],"mmm-yyy") -> Jan-2024 | AA83: =IF(Table1[[#This Row],[ResolutionHours]]="","Pending",IF(Table1[[#This Row],[ResolutionHours]]<=4,"0-4 Hours",IF(Table1[[#This Row],[ResolutionHours]]<=8,"5-8 Hours",IF(Table1[[#This Row],[ResolutionHours]]<=24,"9-24 Hours",IF(Table1[[#This Row],[ResolutionHours]]<=48,"25-48 Hours","48+ Hours"))))) -> 25-48 Hours | AB83: =IF(Table1[[#This Row],[ResolutionHours]]="","",Table1[[#This Row],[ResolutionHours]]-Table1[[#This Row],[SLATargetHours]]) -> -7.33
A84: INM-0385 | B84: INM | C84: 45315.327 | D84: P1 | E84: Performance Issue | F84: Application | G84: INM ticket requiring operational handling | H84: Assigned | I84: Service Desk | J84: Nisha | K84: 4 | L84: 0.14 | O84: Pending | P84: 16960.15 | Q84: Critical | R84: US | S84: Email | T84: Third-Party Dependency | U84: No | V84: Yes | W84: Pending | X84: =YEAR(Table1[[#This Row],[BookingDate]]) -> 2024 | Y84: =TEXT(Table1[[#This Row],[BookingDate]],"mmm") -> Jan | Z84: =TEXT(Table1[[#This Row],[BookingDate]],"mmm-yyy") -> Jan-2024 | AA84: =IF(Table1[[#This Row],[ResolutionHours]]="","Pending",IF(Table1[[#This Row],[ResolutionHours]]<=4,"0-4 Hours",IF(Table1[[#This Row],[ResolutionHours]]<=8,"5-8 Hours",IF(Table1[[#This Row],[ResolutionHours]]<=24,"9-24 Hours",IF(Table1[[#This Row],[ResolutionHours]]<=48,"25-48 Hours","48+ Hours"))))) -> Pending | AB84: =IF(Table1[[#This Row],[ResolutionHours]]="","",Table1[[#This Row],[ResolutionHours]]-Table1[[#This Row],[SLATargetHours]])
A85: SRM-0639 | B85: SRM | C85: 45315.422 | D85: P3 | E85: Software Installation | F85: Security | G85: SRM ticket requiring operational handling | H85: Assigned | I85: Infrastructure Team | J85: Ravi | K85: 24 | L85: 1.04 | O85: Pending | P85: 16957.88 | Q85: High | R85: India | S85: Portal | T85: Application Defect | U85: No | V85: No | W85: Pending | X85: =YEAR(Table1[[#This Row],[BookingDate]]) -> 2024 | Y85: =TEXT(Table1[[#This Row],[BookingDate]],"mmm") -> Jan | Z85: =TEXT(Table1[[#This Row],[BookingDate]],"mmm-yyy") -> Jan-2024 | AA85: =IF(Table1[[#This Row],[ResolutionHours]]="","Pending",IF(Table1[[#This Row],[ResolutionHours]]<=4,"0-4 Hours",IF(Table1[[#This Row],[ResolutionHours]]<=8,"5-8 Hours",IF(Table1[[#This Row],[ResolutionHours]]<=24,"9-24 Hours",IF(Table1[[#This Row],[ResolutionHours]]<=48,"25-48 Hours","48+ Hours"))))) -> Pending | AB85: =IF(Table1[[#This Row],[ResolutionHours]]="","",Table1[[#This Row],[ResolutionHours]]-Table1[[#This Row],[SLATargetHours]])
A86: INM-0787 | B86: INM | C86: 45315.669 | D86: P1 | E86: Server Issue | F86: Middleware | G86: INM ticket requiring operational handling | H86: Answered | I86: Infrastructure Team | J86: Manoj | K86: 4 | L86: 0.14 | M86: 1.2 | N86: 45315.719 | O86: Met | P86: 1.2 | Q86: Critical | R86: UK | S86: Service Desk | T86: Application Defect | U86: No | V86: Yes | W86: Met | X86: =YEAR(Table1[[#This Row],[BookingDate]]) -> 2024 | Y86: =TEXT(Table1[[#This Row],[BookingDate]],"mmm") -> Jan | Z86: =TEXT(Table1[[#This Row],[BookingDate]],"mmm-yyy") -> Jan-2024 | AA86: =IF(Table1[[#This Row],[ResolutionHours]]="","Pending",IF(Table1[[#This Row],[ResolutionHours]]<=4,"0-4 Hours",IF(Table1[[#This Row],[ResolutionHours]]<=8,"5-8 Hours",IF(Table1[[#This Row],[ResolutionHours]]<=24,"9-24 Hours",IF(Table1[[#This Row],[ResolutionHours]]<=48,"25-48 Hours","48+ Hours"))))) -> 0-4 Hours | AB86: =IF(Table1[[#This Row],[ResolutionHours]]="","",Table1[[#This Row],[ResolutionHours]]-Table1[[#This Row],[SLATargetHours]]) -> -2.8
A87: SRM-0274 | B87: SRM | C87: 45315.727 | D87: P4 | E87: Access Request | F87: Database | G87: SRM ticket requiring operational handling | H87: Closed | I87: Database Team | J87: Priya | K87: 48 | L87: 4.13 | M87: 28.78 | N87: 45316.927 | O87: Met | P87: 28.78 | Q87: Medium | R87: Europe | S87: Phone | T87: Unknown | U87: No | V87: No | W87: Met | X87: =YEAR(Table1[[#This Row],[BookingDate]]) -> 2024 | Y87: =TEXT(Table1[[#This Row],[BookingDate]],"mmm") -> Jan | Z87: =TEXT(Table1[[#This Row],[BookingDate]],"mmm-yyy") -> Jan-2024 | AA87: =IF(Table1[[#This Row],[ResolutionHours]]="","Pending",IF(Table1[[#This Row],[ResolutionHours]]<=4,"0-4 Hours",IF(Table1[[#This Row],[ResolutionHours]]<=8,"5-8 Hours",IF(Table1[[#This Row],[ResolutionHours]]<=24,"9-24 Hours",IF(Table1[[#This Row],[ResolutionHours]]<=48,"25-48 Hours","48+ Hours"))))) -> 25-48 Hours | AB87: =IF(Table1[[#This Row],[ResolutionHours]]="","",Table1[[#This Row],[ResolutionHours]]-Table1[[#This Row],[SLATargetHours]]) -> -19.22
A88: SRM-0799 | B88: SRM | C88: 45315.96 | D88: P4 | E88: Software Installation | F88: Infrastructure | G88: SRM ticket requiring operational handling | H88: In Process | I88: Infrastructure Team | J88: Neha | K88: 48 | L88: 0.57 | O88: Pending | P88: 16944.95 | Q88: Medium | R88: Europe | S88: Service Desk | T88: Access Issue | U88: No | V88: No | W88: Pending | X88: =YEAR(Table1[[#This Row],[BookingDate]]) -> 2024 | Y88: =TEXT(Table1[[#This Row],[BookingDate]],"mmm") -> Jan | Z88: =TEXT(Table1[[#This Row],[BookingDate]],"mmm-yyy") -> Jan-2024 | AA88: =IF(Table1[[#This Row],[ResolutionHours]]="","Pending",IF(Table1[[#This Row],[ResolutionHours]]<=4,"0-4 Hours",IF(Table1[[#This Row],[ResolutionHours]]<=8,"5-8 Hours",IF(Table1[[#This Row],[ResolutionHours]]<=24,"9-24 Hours",IF(Table1[[#This Row],[ResolutionHours]]<=48,"25-48 Hours","48+ Hours"))))) -> Pending | AB88: =IF(Table1[[#This Row],[ResolutionHours]]="","",Table1[[#This Row],[ResolutionHours]]-Table1[[#This Row],[SLATargetHours]])
A89: PRM-0509 | B89: PRM | C89: 45316.079 | D89: P3 | E89: Capacity Problem | F89: Reporting | G89: PRM ticket requiring operational handling | H89: In Process | I89: Infrastructure Team | J89: Rahul | K89: 24 | L89: 1.71 | O89: Pending | P89: 16942.11 | Q89: Medium | R89: APAC | S89: Monitoring Alert | T89: Third-Party Dependency | U89: No | V89: No | W89: Pending | X89: =YEAR(Table1[[#This Row],[BookingDate]]) -> 2024 | Y89: =TEXT(Table1[[#This Row],[BookingDate]],"mmm") -> Jan | Z89: =TEXT(Table1[[#This Row],[BookingDate]],"mmm-yyy") -> Jan-2024 | AA89: =IF(Table1[[#This Row],[ResolutionHours]]="","Pending",IF(Table1[[#This Row],[ResolutionHours]]<=4,"0-4 Hours",IF(Table1[[#This Row],[ResolutionHours]]<=8,"5-8 Hours",IF(Table1[[#This Row],[ResolutionHours]]<=24,"9-24 Hours",IF(Table1[[#This Row],[ResolutionHours]]<=48,"25-48 Hours","48+ Hours"))))) -> Pending | AB89: =IF(Table1[[#This Row],[ResolutionHours]]="","",Table1[[#This Row],[ResolutionHours]]-Table1[[#This Row],[SLATargetHours]])
A90: SRM-0293 | B90: SRM | C90: 45316.247 | D90: P5 | E90: Software Installation | F90: Application | G90: SRM ticket requiring operational handling | H90: Closed | I90: App Support | J90: Nisha | K90: 72 | L90: 8.29 | M90: 12.53 | N90: 45316.769 | O90: Met | P90: 12.53 | Q90: High | R90: APAC | S90: Phone | T90: Capacity Constraint | U90: No | V90: No | W90: Met | X90: =YEAR(Table1[[#This Row],[BookingDate]]) -> 2024 | Y90: =TEXT(Table1[[#This Row],[BookingDate]],"mmm") -> Jan | Z90: =TEXT(Table1[[#This Row],[BookingDate]],"mmm-yyy") -> Jan-2024 | AA90: =IF(Table1[[#This Row],[ResolutionHours]]="","Pending",IF(Table1[[#This Row],[ResolutionHours]]<=4,"0-4 Hours",IF(Table1[[#This Row],[ResolutionHours]]<=8,"5-8 Hours",IF(Table1[[#This Row],[ResolutionHours]]<=24,"9-24 Hours",IF(Table1[[#This Row],[ResolutionHours]]<=48,"25-48 Hours","48+ Hours"))))) -> 9-24 Hours | AB90: =IF(Table1[[#This Row],[ResolutionHours]]="","",Table1[[#This Row],[ResolutionHours]]-Table1[[#This Row],[SLATargetHours]]) -> -59.47
A91: PRM-0613 | B91: PRM | C91: 45316.254 | D91: P4 | E91: Process Gap | F91: Application | G91: PRM ticket requiring operational handling | H91: In Process | I91: App Support | J91: Manoj | K91: 48 | L91: 4.93 | O91: Pending | P91: 16937.91 | Q91: Low | R91: India | S91: Portal | T91: Capacity Constraint | U91: No | V91: No | W91: Pending | X91: =YEAR(Table1[[#This Row],[BookingDate]]) -> 2024 | Y91: =TEXT(Table1[[#This Row],[BookingDate]],"mmm") -> Jan | Z91: =TEXT(Table1[[#This Row],[BookingDate]],"mmm-yyy") -> Jan-2024 | AA91: =IF(Table1[[#This Row],[ResolutionHours]]="","Pending",IF(Table1[[#This Row],[ResolutionHours]]<=4,"0-4 Hours",IF(Table1[[#This Row],[ResolutionHours]]<=8,"5-8 Hours",IF(Table1[[#This Row],[ResolutionHours]]<=24,"9-24 Hours",IF(Table1[[#This Row],[ResolutionHours]]<=48,"25-48 Hours","48+ Hours"))))) -> Pending | AB91: =IF(Table1[[#This Row],[ResolutionHours]]="","",Table1[[#This Row],[ResolutionHours]]-Table1[[#This Row],[SLATargetHours]])
A92: PRM-0880 | B92: PRM | C92: 45316.908 | D92: P1 | E92: Performance Root Cause | F92: Security | G92: PRM ticket requiring operational handling | H92: Answered | I92: App Support | J92: Nisha | K92: 4 | L92: 0.18 | M92: 2.76 | N92: 45317.023 | O92: Met | P92: 2.76 | Q92: Critical | R92: US | S92: Phone | T92: Capacity Constraint | U92: Yes | V92: No | W92: Met | X92: =YEAR(Table1[[#This Row],[BookingDate]]) -> 2024 | Y92: =TEXT(Table1[[#This Row],[BookingDate]],"mmm") -> Jan | Z92: =TEXT(Table1[[#This Row],[BookingDate]],"mmm-yyy") -> Jan-2024 | AA92: =IF(Table1[[#This Row],[ResolutionHours]]="","Pending",IF(Table1[[#This Row],[ResolutionHours]]<=4,"0-4 Hours",IF(Table1[[#This Row],[ResolutionHours]]<=8,"5-8 Hours",IF(Table1[[#This Row],[ResolutionHours]]<=24,"9-24 Hours",IF(Table1[[#This Row],[ResolutionHours]]<=48,"25-48 Hours","48+ Hours"))))) -> 0-4 Hours | AB92: =IF(Table1[[#This Row],[ResolutionHours]]="","",Table1[[#This Row],[ResolutionHours]]-Table1[[#This Row],[SLATargetHours]]) -> -1.24
A93: PRM-0906 | B93: PRM | C93: 45316.987 | D93: P1 | E93: Process Gap | F93: Reporting | G93: PRM ticket requiring operational handling | H93: Closed | I93: Middleware Team | J93: Kavya | K93: 4 | L93: 0.11 | M93: 1.75 | N93: 45317.06 | O93: Met | P93: 1.75 | Q93: Critical | R93: Europe | S93: Portal | T93: Unknown | U93: No | V93: Yes | W93: Met | X93: =YEAR(Table1[[#This Row],[BookingDate]]) -> 2024 | Y93: =TEXT(Table1[[#This Row],[BookingDate]],"mmm") -> Jan | Z93: =TEXT(Table1[[#This Row],[BookingDate]],"mmm-yyy") -> Jan-2024 | AA93: =IF(Table1[[#This Row],[ResolutionHours]]="","Pending",IF(Table1[[#This Row],[ResolutionHours]]<=4,"0-4 Hours",IF(Table1[[#This Row],[ResolutionHours]]<=8,"5-8 Hours",IF(Table1[[#This Row],[ResolutionHours]]<=24,"9-24 Hours",IF(Table1[[#This Row],[ResolutionHours]]<=48,"25-48 Hours","48+ Hours"))))) -> 0-4 Hours | AB93: =IF(Table1[[#This Row],[ResolutionHours]]="","",Table1[[#This Row],[ResolutionHours]]-Table1[[#This Row],[SLATargetHours]]) -> -2.25
A94: INM-0147 | B94: INM | C94: 45317.361 | D94: P4 | E94: Server Issue | F94: Reporting | G94: INM ticket requiring operational handling | H94: Closed | I94: Security Team | J94: Amit | K94: 48 | L94: 2.63 | M94: 36.47 | N94: 45318.88 | O94: Met | P94: 36.47 | Q94: Medium | R94: India | S94: Monitoring Alert | T94: Access Issue | U94: No | V94: No | W94: Met | X94: =YEAR(Table1[[#This Row],[BookingDate]]) -> 2024 | Y94: =TEXT(Table1[[#This Row],[BookingDate]],"mmm") -> Jan | Z94: =TEXT(Table1[[#This Row],[BookingDate]],"mmm-yyy") -> Jan-2024 | AA94: =IF(Table1[[#This Row],[ResolutionHours]]="","Pending",IF(Table1[[#This Row],[ResolutionHours]]<=4,"0-4 Hours",IF(Table1[[#This Row],[ResolutionHours]]<=8,"5-8 Hours",IF(Table1[[#This Row],[ResolutionHours]]<=24,"9-24 Hours",IF(Table1[[#This Row],[ResolutionHours]]<=48,"25-48 Hours","48+ Hours"))))) -> 25-48 Hours | AB94: =IF(Table1[[#This Row],[ResolutionHours]]="","",Table1[[#This Row],[ResolutionHours]]-Table1[[#This Row],[SLATargetHours]]) -> -11.53
A95: SRM-0648 | B95: SRM | C95: 45317.421 | D95: P2 | E95: Certificate Request | F95: Security | G95: SRM ticket requiring operational handling | H95: In Process | I95: Security Team | J95: Ravi | K95: 8 | L95: 0.63 | O95: Pending | P95: 16909.9 | Q95: High | R95: India | S95: Email | T95: Capacity Constraint | U95: No | V95: No | W95: Pending | X95: =YEAR(Table1[[#This Row],[BookingDate]]) -> 2024 | Y95: =TEXT(Table1[[#This Row],[BookingDate]],"mmm") -> Jan | Z95: =TEXT(Table1[[#This Row],[BookingDate]],"mmm-yyy") -> Jan-2024 | AA95: =IF(Table1[[#This Row],[ResolutionHours]]="","Pending",IF(Table1[[#This Row],[ResolutionHours]]<=4,"0-4 Hours",IF(Table1[[#This Row],[ResolutionHours]]<=8,"5-8 Hours",IF(Table1[[#This Row],[ResolutionHours]]<=24,"9-24 Hours",IF(Table1[[#This Row],[ResolutionHours]]<=48,"25-48 Hours","48+ Hours"))))) -> Pending | AB95: =IF(Table1[[#This Row],[ResolutionHours]]="","",Table1[[#This Row],[ResolutionHours]]-Table1[[#This Row],[SLATargetHours]])
A96: PRM-0296 | B96: PRM | C96: 45317.544 | D96: P4 | E96: Database Root Cause | F96: Middleware | G96: PRM ticket requiring operational handling | H96: In Process | I96: Infrastructure Team | J96: Meera | K96: 48 | L96: 7.86 | O96: Pending | P96: 16906.94 | Q96: Low | R96: APAC | S96: Portal | T96: Unknown | U96: No | V96: No | W96: Pending | X96: =YEAR(Table1[[#This Row],[BookingDate]]) -> 2024 | Y96: =TEXT(Table1[[#This Row],[BookingDate]],"mmm") -> Jan | Z96: =TEXT(Table1[[#This Row],[BookingDate]],"mmm-yyy") -> Jan-2024 | AA96: =IF(Table1[[#This Row],[ResolutionHours]]="","Pending",IF(Table1[[#This Row],[ResolutionHours]]<=4,"0-4 Hours",IF(Table1[[#This Row],[ResolutionHours]]<=8,"5-8 Hours",IF(Table1[[#This Row],[ResolutionHours]]<=24,"9-24 Hours",IF(Table1[[#This Row],[ResolutionHours]]<=48,"25-48 Hours","48+ Hours"))))) -> Pending | AB96: =IF(Table1[[#This Row],[ResolutionHours]]="","",Table1[[#This Row],[ResolutionHours]]-Table1[[#This Row],[SLATargetHours]])
A97: PRM-0285 | B97: PRM | C97: 45317.57 | D97: P2 | E97: Recurring Application Issue | F97: Database | G97: PRM ticket requiring operational handling | H97: Closed | I97: Database Team | J97: Manoj | K97: 8 | L97: 0.5 | M97: 2.18 | N97: 45317.661 | O97: Met | P97: 2.18 | Q97: High | R97: India | S97: Service Desk | T97: Configuration Error | U97: No | V97: No | W97: Met | X97: =YEAR(Table1[[#This Row],[BookingDate]]) -> 2024 | Y97: =TEXT(Table1[[#This Row],[BookingDate]],"mmm") -> Jan | Z97: =TEXT(Table1[[#This Row],[BookingDate]],"mmm-yyy") -> Jan-2024 | AA97: =IF(Table1[[#This Row],[ResolutionHours]]="","Pending",IF(Table1[[#This Row],[ResolutionHours]]<=4,"0-4 Hours",IF(Table1[[#This Row],[ResolutionHours]]<=8,"5-8 Hours",IF(Table1[[#This Row],[ResolutionHours]]<=24,"9-24 Hours",IF(Table1[[#This Row],[ResolutionHours]]<=48,"25-48 Hours","48+ Hours"))))) -> 0-4 Hours | AB97: =IF(Table1[[#This Row],[ResolutionHours]]="","",Table1[[#This Row],[ResolutionHours]]-Table1[[#This Row],[SLATargetHours]]) -> -5.82
A98: INM-0663 | B98: INM | C98: 45317.693 | D98: P4 | E98: Server Issue | F98: Access | G98: INM ticket requiring operational handling | H98: Closed | I98: Infrastructure Team | J98: Ravi | K98: 48 | L98: 3.68 | M98: 40.1 | N98: 45319.363 | O98: Met | P98: 40.1 | Q98: High | R98: India | S98: Monitoring Alert | T98: Infrastructure Failure | U98: No | V98: No | W98: Met | X98: =YEAR(Table1[[#This Row],[BookingDate]]) -> 2024 | Y98: =TEXT(Table1[[#This Row],[BookingDate]],"mmm") -> Jan | Z98: =TEXT(Table1[[#This Row],[BookingDate]],"mmm-yyy") -> Jan-2024 | AA98: =IF(Table1[[#This Row],[ResolutionHours]]="","Pending",IF(Table1[[#This Row],[ResolutionHours]]<=4,"0-4 Hours",IF(Table1[[#This Row],[ResolutionHours]]<=8,"5-8 Hours",IF(Table1[[#This Row],[ResolutionHours]]<=24,"9-24 Hours",IF(Table1[[#This Row],[ResolutionHours]]<=48,"25-48 Hours","48+ Hours"))))) -> 25-48 Hours | AB98: =IF(Table1[[#This Row],[ResolutionHours]]="","",Table1[[#This Row],[ResolutionHours]]-Table1[[#This Row],[SLATargetHours]]) -> -7.9
A99: SRM-0873 | B99: SRM | C99: 45317.882 | D99: P3 | E99: Report Request | F99: Reporting | G99: SRM ticket requiring operational handling | H99: Answered | I99: Middleware Team | J99: Neha | K99: 24 | L99: 0.22 | M99: 15.74 | N99: 45318.538 | O99: Met | P99: 15.74 | Q99: Low | R99: Europe | S99: Email | T99: Unknown | U99: No | V99: No | W99: Met | X99: =YEAR(Table1[[#This Row],[BookingDate]]) -> 2024 | Y99: =TEXT(Table1[[#This Row],[BookingDate]],"mmm") -> Jan | Z99: =TEXT(Table1[[#This Row],[BookingDate]],"mmm-yyy") -> Jan-2024 | AA99: =IF(Table1[[#This Row],[ResolutionHours]]="","Pending",IF(Table1[[#This Row],[ResolutionHours]]<=4,"0-4 Hours",IF(Table1[[#This Row],[ResolutionHours]]<=8,"5-8 Hours",IF(Table1[[#This Row],[ResolutionHours]]<=24,"9-24 Hours",IF(Table1[[#This Row],[ResolutionHours]]<=48,"25-48 Hours","48+ Hours"))))) -> 9-24 Hours | AB99: =IF(Table1[[#This Row],[ResolutionHours]]="","",Table1[[#This Row],[ResolutionHours]]-Table1[[#This Row],[SLATargetHours]]) -> -8.26
A100: PRM-0556 | B100: PRM | C100: 45318.026 | D100: P4 | E100: Infrastructure Root Cause | F100: Reporting | G100: PRM ticket requiring operational handling | H100: Closed | I100: Security Team | J100: Kiran | K100: 48 | L100: 5.06 | M100: 23.05 | N100: 45318.987 | O100: Met | P100: 23.05 | Q100: Low | R100: Europe | S100: Portal | T100: Access Issue | U100: No | V100: No | W100: Met | X100: =YEAR(Table1[[#This Row],[BookingDate]]) -> 2024 | Y100: =TEXT(Table1[[#This Row],[BookingDate]],"mmm") -> Jan | Z100: =TEXT(Table1[[#This Row],[BookingDate]],"mmm-yyy") -> Jan-2024 | AA100: =IF(Table1[[#This Row],[ResolutionHours]]="","Pending",IF(Table1[[#This Row],[ResolutionHours]]<=4,"0-4 Hours",IF(Table1[[#This Row],[ResolutionHours]]<=8,"5-8 Hours",IF(Table1[[#This Row],[ResolutionHours]]<=24,"9-24 Hours",IF(Table1[[#This Row],[ResolutionHours]]<=48,"25-48 Hours","48+ Hours"))))) -> 9-24 Hours | AB100: =IF(Table1[[#This Row],[ResolutionHours]]="","",Table1[[#This Row],[ResolutionHours]]-Table1[[#This Row],[SLATargetHours]]) -> -24.95
...

Sheet Operation Tickets data Analysis
A1: Total Tickets | C1: Volume by Ticket Type | F1: Volume by Ticket Prority | I1: Volume by Sub-Category | L1: Volume by Team
A3: Count of TicketID | C3: Row Labels | D3: Count of TicketID | F3: Row Labels | G3: Count of TicketID | I3: Row Labels | J3: Count of TicketID | L3: Row Labels | M3: Count of TicketID
A4: 1511 | C4: INM | D4: 492 | F4: P1 | G4: 67 | I4: Database | J4: 191 | L4: Service Desk | M4: 476
C5: PRM | D5: 505 | F5: P2 | G5: 151 | I5: Security | J5: 205 | L5: Middleware Team | M5: 486
C6: SRM | D6: 514 | F6: P3 | G6: 400 | I6: Application | J6: 209 | L6: Database Team | M6: 497
C7: Grand Total | D7: 1511 | F7: P4 | G7: 572 | I7: Infrastructure | J7: 210 | L7: Infrastructure Team | M7: 510
F8: P5 | G8: 321 | I8: Middleware | J8: 215 | L8: App Support | M8: 513
F9: Grand Total | G9: 1511 | I9: Access | J9: 227 | L9: Security Team | M9: 518
I10: Reporting | J10: 254 | L10: Grand Total | M10: 3000
I11: Grand Total | J11: 1511
A14: Volume by Ticket Status | D14: Volume by SLA Status
A16: Row Labels | B16: Count of TicketID | D16: Row Labels | E16: Count of TicketID | G16: KPI | H16: Value | J16: SLA Performance by Priority
A17: Answered | B17: 138 | D17: Breached | E17: 138 | G17: Total Tickets | H17: =COUNTA(All_Tickets!A:A)-1 -> 3000
A18: Assigned | B18: 151 | D18: Met | E18: 750 | G18: Closed Tickets | H18: =COUNTIF(All_Tickets!H:H,"Closed") -> 1511 | J18: Count of TicketID | K18: Column Labels
A19: Closed | B19: 750 | D19: Pending | E19: 623 | G19: Active Tickets | H19: =COUNTIF(All_Tickets!H:H,"Assigned")+COUNTIF(All_Tickets!H:H,"In Process")+COUNTIF(All_Tickets!H:H,"Noticed") -> 1230 | J19: Row Labels | K19: Breached | L19: Met | M19: Pending | N19: Grand Total
A20: In Process | B20: 331 | D20: Grand Total | E20: 1511 | G20: Answered Tickets | H20: =COUNTIF(All_Tickets!H:H,"Answered") -> 259 | J20: P1 | K20: 8 | L20: 34 | M20: 25 | N20: 67
A21: Noticed | B21: 141 | G21: SLA Compliance % | H21: =COUNTIF(All_Tickets!W:W,"Met")/(COUNTIF(All_Tickets!W:W,"Met")+COUNTIF(All_Tickets!W:W,"Breached")) -> 0.83728814 | J21: P2 | K21: 13 | L21: 72 | M21: 66 | N21: 151
A22: Grand Total | B22: 1511 | G22: SLA Breaches | H22: =COUNTIF(All_Tickets!W:W,"Breached") -> 288 | J22: P3 | K22: 41 | L22: 196 | M22: 163 | N22: 400
G23: SLA Pending | H23: =COUNTIF(All_Tickets!W:W,"Pending") -> 1230 | J23: P4 | K23: 52 | L23: 299 | M23: 221 | N23: 572
G24: Average Resolution Hours | H24: =AVERAGE(All_Tickets!M:M) -> 30.007294 | J24: P5 | K24: 24 | L24: 149 | M24: 148 | N24: 321
G25: Escalated Tickets | H25: =COUNTIF(All_Tickets!V:V,"Yes") -> 317 | J25: Grand Total | K25: 138 | L25: 750 | M25: 623 | N25: 1511
G26: Reopened Tickets | H26: =COUNTIF(All_Tickets!U:U,"Yes") -> 138
A27: Average Resolution time by Team | G27: SLA Met | H27: =COUNTIF(All_Tickets!W:W,"Met") -> 1482
A28: Row Labels | B28: Average of ResolutionHours | D28: Monthly Trend
A29: App Support | B29: 27.323377 | D29: Row Labels | E29: Count of TicketID
A30: Database Team | B30: 32.065928 | D30: Apr-2024 | E30: 157 | G30: Average Resolution time by Priority
A31: Infrastructure Team | B31: 32.616316 | D31: Mar-2024 | E31: 142 | G31: Row Labels | H31: Average of ResolutionHours
A32: Middleware Team | B32: 28.690355 | D32: Aug-2024 | E32: 133 | G32: P1 | H32: 2.965
A33: Security Team | B33: 29.949034 | D33: Nov-2024 | E33: 133 | G33: P2 | H33: 5.688
A34: Service Desk | B34: 26.742558 | D34: May-2024 | E34: 129 | G34: P3 | H34: 18.860506
A35: Grand Total | B35: 29.682691 | D35: Jul-2024 | E35: 129 | G35: P4 | H35: 34.896581
D36: Dec-2024 | E36: 124 | G36: P5 | H36: 52.205665
D37: Jun-2024 | E37: 123 | G37: Grand Total | H37: 29.682691
D38: Oct-2024 | E38: 121
A39: Resolution Bucket Analysis | D39: Jan-2024 | E39: 118
A40: Row Labels | B40: Count of TicketID | D40: Sep-2024 | E40: 104 | G40: Escalated Tickets | J40: Reopened Tickets
A41: 0-4 Hours | B41: 81 | D41: Feb-2024 | E41: 98 | G41: Row Labels | H41: Count of TicketID | J41: Row Labels | K41: Count of TicketID
A42: 5-8 Hours | B42: 83 | D42: Grand Total | E42: 1511 | G42: No | H42: 1341 | J42: No | K42: 1442
A43: 48+ Hours | B43: 138 | G43: Yes | H43: 170 | J43: Yes | K43: 69
A44: 25-48 Hours | B44: 243 | G44: Grand Total | H44: 1511 | J44: Grand Total | K44: 1511
A45: 9-24 Hours | B45: 343
A46: Pending | B46: 623
A47: Grand Total | B47: 1511

Sheet Operations Dashboard
B1: ITSM INCIDENT ANALYSIS DASHBOARD
I3: Operational Performance | K3: SLA | M3: WorkLoad | N3: Resolution Analysis | O3: 2024-2025
B5: Total Tickets | E5: Closed Tickets | H5: Active Tickets | K5: SLA Compliance | N5: SLA Breaches | Q5: Avg Resolution Hours
B6: ='Operation Tickets data Analysis'!H17 -> 3000 | E6: ='Operation Tickets data Analysis'!H18 -> 1511 | H6: ='Operation Tickets data Analysis'!H19 -> 1230 | K6: ='Operation Tickets data Analysis'!H21 -> 0.83728814 | N6: ='Operation Tickets data Analysis'!H22 -> 288 | Q6: ='Operation Tickets data Analysis'!H24 -> 30.007294
